id,inclinacion_peligrosa
1,0.5215907
2,0.4816084
4,0.04752322
6,0.041812576
9,0.5158247
13,0.6516056
14,0.8529061
17,0.819839
23,0.03748469
28,0.7340376
30,0.027648937
31,0.4734473
34,0.45544994
35,0.012236133
44,0.41562322
48,0.06137347
49,0.48900324
51,0.7723537
52,0.09015558
53,0.06399886
61,0.6985234
62,0.63501143
66,0.73717815
73,0.06476846
83,0.15796171
86,0.047017623
92,0.027271353
102,0.15947102
110,0.17487185
111,0.26118004
115,0.0013918192
119,0.0011365906
120,0.16297397
122,0.004987428
123,0.6059253
127,0.0033685218
128,0.001
131,0.001668157
141,0.005062508
142,0.001
144,0.0036605648
152,0.001
156,0.0095310025
157,0.0016435949
158,0.0016901594
160,0.001
163,0.0010469302
164,0.001
167,0.13932464
169,0.0072742626
171,0.009666596
175,0.027434904
176,0.001
178,0.01355713
183,0.001
184,0.001
197,0.00918141
201,0.0030540877
202,0.0036843524
203,0.0012554139
209,0.66315717
210,0.66294533
214,0.29191193
221,0.5604667
225,0.40437362
227,0.053627502
236,0.5224549
238,0.5197405
241,0.45195606
244,0.27865925
249,0.0755499
251,0.12798157
254,0.012373484
256,0.007621026
264,0.0074825035
267,0.32960495
270,0.40848282
273,0.23203713
275,0.55067813
276,0.46228373
279,0.4793338
280,0.03939068
285,0.47713208
286,0.60483
287,0.5852085
289,0.5483957
290,0.52755165
300,0.31085813
301,0.11059736
302,0.20942536
303,0.31878933
304,0.1987956
307,0.20548429
312,0.23615722
315,0.26060623
319,0.31518397
323,0.03952549
328,0.03433385
336,0.32229075
343,0.32394043
345,0.3598754
346,0.04229872
350,0.3563093
356,0.35952228
363,0.0034727675
365,0.352135
368,0.32232413
370,0.18438357
371,0.3310135
373,0.262515
374,0.22175805
375,0.02934703
376,0.25453505
377,0.26702884
379,0.33124414
380,0.19886504
381,0.2337591
385,0.27547887
388,0.25665948
399,0.33420318
404,0.33420318
409,0.0455691
411,0.34667692
417,0.33514252
420,0.030328486
421,0.22980121
436,0.049255285
441,0.17119944
442,0.51134264
450,0.22916003
455,0.29888496
456,0.59269357
461,0.6540665
462,0.4229725
464,0.006520315
467,0.6109975
475,0.6328428
478,0.03639678
484,0.27829182
485,0.010388716
493,0.4249579
499,0.33492693
504,0.576054
505,0.55280447
509,0.03866966
510,0.49843937
517,0.046512667
521,0.4284363
522,0.5627428
528,0.0033476
534,0.5732216
538,0.0044584977
539,0.5454399
542,0.052830018
545,0.032534115
547,0.06692302
548,0.012698092
550,0.055440694
563,0.24814056
569,0.47143632
573,0.5697771
574,0.3274618
576,0.4203729
577,0.30327296
579,0.0156076
580,0.46459085
582,0.42284453
585,0.628037
586,0.54383725
590,0.32726857
594,0.48630673
604,0.47698238
606,0.0067707705
607,0.37853616
612,0.42831564
614,0.53275156
615,0.41393763
617,0.19823182
619,0.5645806
629,0.3795101
632,0.0043496946
635,0.004607549
637,0.14954114
639,0.0043189693
640,0.004607549
642,0.028336463
644,0.03448497
645,0.43801868
648,0.027018463
649,0.00897376
653,0.25345984
659,0.2907543
661,0.22653751
668,0.07380565
670,0.03156259
676,0.1146603
683,0.10083854
687,0.13340129
690,0.06940354
692,0.30986786
694,0.29210442
699,0.73614436
701,0.795733
702,0.7821763
704,0.001
705,0.00873463
707,0.001
710,0.02866406
714,0.001
717,0.001
718,0.001
720,0.001
721,0.0046726814
722,0.003549936
726,0.0013927905
734,0.003614045
736,0.0027980956
737,0.0025742927
738,0.18629271
739,0.031994954
740,0.0050208853
747,0.0014305074
749,0.0018211233
756,0.004039643
757,0.32908314
762,0.37898576
768,0.43757305
773,0.32440776
774,0.022847634
775,0.007860811
776,0.059948176
783,0.46170726
788,0.39465
789,0.50968844
798,0.06797964
799,0.08828092
802,0.2198597
804,0.16183755
812,0.066878624
816,0.0687806
817,0.07815431
821,0.071146235
825,0.071146235
829,0.071146235
830,0.09003637
832,0.091058776
834,0.0901466
835,0.012845069
836,0.1287997
840,0.0857075
841,0.103435054
843,0.23431216
847,0.24280855
849,0.24280855
850,0.2670875
852,0.21569145
857,0.070745654
863,0.33338442
872,0.27081317
878,0.022051552
881,0.0064947433
882,0.037094418
890,0.31643313
899,0.2949329
901,0.27660218
902,0.3473395
905,0.2824717
907,0.21634598
910,0.010311579
918,0.0120928185
927,0.47297826
929,0.4725822
930,0.5062961
940,0.35794118
944,0.030242613
953,0.032582182
959,0.006276222
964,0.327153
974,0.0022935104
975,0.6827608
978,0.57776046
980,0.0037118315
983,0.45608723
989,0.73149896
990,0.33855763
991,0.7129874
997,0.014807171
999,0.004229127
1004,0.52813363
1005,0.5399748
1008,0.03307121
1009,0.042306263
1013,0.03754522
1017,0.015651185
1021,0.05026732
1028,0.0061577437
1029,0.009770484
1038,0.013327988
1043,0.011560459
1046,0.014819274
1047,0.014046421
1050,0.009466843
1058,0.020724759
1060,0.2398784
1062,0.21533258
1070,0.08460152
1072,0.046819735
1079,0.0014176199
1093,0.0014604151
1094,0.002246808
1096,0.0012447573
1099,0.28025863
1104,0.0068759355
1106,0.03880116
1111,0.038046304
1114,0.6208566
1120,0.30062523
1121,0.4510989
1124,0.14557695
1128,0.14953357
1129,0.14564273
1134,0.052956775
1137,0.11243423
1145,0.22919849
1148,0.41135445
1149,0.02944411
1151,0.06561268
1152,0.12301054
1156,0.020653307
1161,0.08733982
1164,0.4002342
1171,0.012413165
1177,0.2644985
1181,0.04858557
1187,0.23259194
1188,0.02346056
1193,0.03849538
1202,0.2447895
1205,0.07718795
1209,0.009286232
1225,0.14164503
1227,0.062497437
1230,0.50941116
1231,0.58452064
1232,0.35122496
1233,0.0116113685
1236,0.37692142
1237,0.30627847
1242,0.3466783
1247,0.041632243
1256,0.0019699044
1257,0.0042078868
1262,0.05671507
1266,0.07850907
1269,0.003102585
1271,0.0040532425
1272,0.007889778
1281,0.008778715
1284,0.007905534
1285,0.002283066
1291,0.020170042
1294,0.14197424
1301,0.053328846
1303,0.00444028
1306,0.009031044
1307,0.009113702
1312,0.007708953
1322,0.1357094
1326,0.35222086
1327,0.05756711
1334,0.015219321
1336,0.09180643
1343,0.047298886
1347,0.01202107
1348,0.06092607
1360,0.105158925
1365,0.013020405
1369,0.15484889
1375,0.11138406
1376,0.0020518943
1377,0.016994245
1378,0.016994245
1383,0.024669938
1384,0.01236304
1390,0.022457471
1394,0.010009535
1397,0.08717555
1398,0.116564654
1401,0.116564654
1402,0.12314624
1404,0.01244469
1405,0.055376954
1407,0.26512834
1409,0.018931484
1410,0.004184278
1411,0.43648854
1416,0.218902
1421,0.120576076
1422,0.12184919
1428,0.011423088
1432,0.0054096496
1433,0.0054096496
1436,0.21011834
1441,0.0016151861
1444,0.051556967
1449,0.06427966
1450,0.01231623
1451,0.30553016
1462,0.0057394607
1466,0.015108943
1468,0.015384846
1470,0.06794193
1471,0.24266851
1473,0.31346428
1478,0.08214743
1492,0.023470797
1496,0.20460434
1497,0.2844553
1503,0.061885256
1504,0.018007986
1505,0.032431595
1506,0.032431595
1514,0.020997247
1516,0.31583253
1524,0.015091491
1530,0.04076663
1533,0.0037805357
1536,0.04962743
1540,0.0032896055
1541,0.01531225
1558,0.008041042
1560,0.008263239
1564,0.007733328
1570,0.08423427
1573,0.08423427
1576,0.3315892
1577,0.161832
1580,0.35976335
1582,0.019916533
1587,0.016103268
1589,0.26347542
1590,0.009845128
1591,0.014893681
1598,0.009923588
1599,0.0075852238
1602,0.027072305
1607,0.012060283
1610,0.030026227
1611,0.013179327
1617,0.020985033
1618,0.112802655
1621,0.12897237
1630,0.38123986
1633,0.005907007
1639,0.09585251
1642,0.41740674
1644,0.35109866
1646,0.121565856
1647,0.0023836496
1648,0.0036072894
1650,0.005163019
1651,0.33794665
1652,0.54660904
1653,0.013108021
1654,0.0128445
1656,0.019827887
1657,0.12958488
1658,0.54450756
1666,0.03233538
1668,0.014101013
1669,0.42205754
1673,0.0051256935
1674,0.38662368
1676,0.5824872
1678,0.019557869
1680,0.027576502
1684,0.012369348
1688,0.020984283
1693,0.123745404
1696,0.087817766
1700,0.19669135
1706,0.4350437
1708,0.0682768
1721,0.43224055
1724,0.2638655
1726,0.04035397
1728,0.089017846
1729,0.2878104
1731,0.3295866
1733,0.10037116
1735,0.33152637
1737,0.05771705
1740,0.30398324
1742,0.020284826
1747,0.022758223
1749,0.39984578
1750,0.021670815
1756,0.108928874
1760,0.612829
1764,0.4350398
1765,0.005680865
1772,0.007952073
1776,0.13031738
1778,0.10362483
1779,0.0065501067
1780,0.1918732
1782,0.17551981
1786,0.03220666
1791,0.010274249
1795,0.4985354
1797,0.1276297
1799,0.007932139
1801,0.11170815
1804,0.15738131
1807,0.14817229
1812,0.007947913
1820,0.03928418
1826,0.0049065812
1834,0.059193693
1836,0.032714292
1838,0.0067786863
1839,0.6903996
1848,0.037817433
1853,0.03869387
1863,0.0050151004
1865,0.5315045
1870,0.03614245
1872,0.28818503
1878,0.62709856
1882,0.550231
1886,0.53000116
1892,0.048855387
1899,0.33655462
1902,0.7552752
1905,0.31809106
1911,0.55037403
1913,0.5280006
1921,0.034989685
1924,0.09452508
1925,0.07706074
1934,0.03130763
1940,0.34078395
1943,0.011087673
1945,0.114447765
1960,0.7003023
1962,0.67523265
1963,0.08144245
1964,0.7747023
1965,0.71379244
1970,0.71001506
1971,0.7711894
1972,0.057895284
1976,0.2665621
1979,0.5824607
1982,0.66719097
1984,0.6135723
1992,0.7450855
1993,0.7520106
1996,0.20663276
2001,0.35842222
2013,0.6727905
2014,0.68605286
2015,0.21718848
2017,0.6946267
2020,0.0054074745
2027,0.010195452
2028,0.007510087
2030,0.25036752
2032,0.005093807
2039,0.0031543798
2044,0.51505727
2049,0.40810388
2053,0.022688678
2057,0.0021882744
2059,0.009618351
2061,0.16870238
2067,0.32556087
2068,0.35923612
2070,0.400144
2075,0.3110002
2091,0.5900298
2093,0.21604738
2095,0.30695704
2096,0.5245389
2100,0.17022534
2107,0.004631353
2109,0.048743322
2111,0.007848348
2112,0.14287922
2113,0.17786857
2124,0.0018278586
2128,0.079072654
2129,0.31022358
2134,0.18576752
2141,0.62008196
2150,0.102220155
2157,0.434662
2158,0.8674524
2166,0.041619588
2176,0.6895411
2183,0.7245177
2186,0.0071404898
2191,0.32191688
2195,0.017243942
2197,0.028547179
2199,0.7383301
2203,0.6430512
2206,0.40245795
2209,0.35480988
2210,0.41060284
2215,0.58474934
2216,0.06564675
2220,0.22998103
2222,0.0047979713
2224,0.3132872
2226,0.37193015
2227,0.7342977
2232,0.38445795
2233,0.8247096
2236,0.8398986
2240,0.8835628
2247,0.8250744
2250,0.03093687
2255,0.31920394
2264,0.8002958
2265,0.8473022
2278,0.8513311
2283,0.5357838
2286,0.24323827
2287,0.041332085
2288,0.012164221
2291,0.8469187
2292,0.8348471
2293,0.46716464
2294,0.79017144
2296,0.7303499
2298,0.8007157
2301,0.50168
2306,0.02171005
2326,0.66492486
2336,0.7674267
2341,0.5014329
2342,0.14356296
2343,0.23237419
2346,0.2642159
2349,0.42657518
2356,0.0033587278
2358,0.77545124
2372,0.088962026
2373,0.31666487
2374,0.30217335
2375,0.004561818
2386,0.7008809
2388,0.37258077
2391,0.8624696
2393,0.34425706
2396,0.6436825
2398,0.7133178
2399,0.07367329
2400,0.017032083
2404,0.23726772
2407,0.0027987051
2408,0.28137672
2414,0.35701194
2423,0.009435621
2424,0.14508906
2430,0.412862
2431,0.07691329
2432,0.1843333
2451,0.33805037
2452,0.0042408383
2458,0.80593
2462,0.075638786
2464,0.69207275
2473,0.90362775
2476,0.81300795
2477,0.84501207
2484,0.24207965
2490,0.0049351044
2494,0.5488719
2495,0.77747494
2497,0.3015877
2503,0.0051059723
2507,0.50166833
2513,0.30011106
2519,0.24648558
2521,0.3250616
2522,0.30253047
2527,0.002866312
2534,0.7297207
2535,0.7297207
2540,0.05702697
2546,0.41345805
2548,0.088961504
2549,0.4108531
2556,0.41977835
2558,0.7838966
2562,0.21782249
2565,0.43848306
2568,0.49384633
2573,0.6081217
2581,0.2952076
2582,0.716451
2583,0.22110708
2586,0.13511848
2590,0.3121991
2594,0.6964139
2596,0.6058906
2597,0.50029
2599,0.031407915
2600,0.35822654
2608,0.46098214
2609,0.46733204
2610,0.6045871
2611,0.55527985
2614,0.0014134934
2624,0.044401813
2626,0.015632337
2627,0.012917451
2629,0.03696185
2630,0.0071788253
2632,0.55682707
2635,0.018880554
2644,0.010948841
2649,0.041920085
2650,0.77667713
2652,0.6897615
2658,0.0036636614
2659,0.76257396
2662,0.04267883
2664,0.03183018
2675,0.8186715
2679,0.8622224
2687,0.024219062
2693,0.3799418
2695,0.014974892
2700,0.2725704
2703,0.020419672
2712,0.31047022
2715,0.2918593
2729,0.049274612
2730,0.8106127
2732,0.0030176325
2734,0.048972666
2737,0.0043021976
2739,0.6536014
2741,0.6189144
2742,0.057727505
2748,0.008682193
2750,0.7595135
2751,0.84163016
2754,0.5679597
2755,0.33355838
2756,0.5573065
2757,0.018636573
2765,0.26846218
2769,0.09274681
2781,0.010295494
2798,0.51272863
2802,0.0065718098
2804,0.054876357
2805,0.65751326
2806,0.010390888
2810,0.36769995
2814,0.42406654
2818,0.007783312
2821,0.17699313
2831,0.61508155
2837,0.0022379179
2838,0.074944235
2842,0.04035071
2843,0.8553576
2847,0.7272044
2853,0.7743543
2857,0.0046125287
2859,0.37413946
2862,0.01117673
2868,0.4068775
2875,0.5767251
2879,0.47762868
2900,0.25308976
2901,0.48922208
2903,0.05965545
2904,0.015073131
2911,0.05760916
2912,0.028927956
2915,0.17777027
2916,0.31825468
2917,0.2562448
2921,0.23700036
2925,0.038390364
2926,0.6176346
2932,0.3749649
2933,0.38780877
2936,0.7978946
2939,0.75604695
2940,0.7842219
2944,0.7073059
2946,0.3308948
2947,0.0070088943
2948,0.68220496
2952,0.023821792
2953,0.37363717
2954,0.34838945
2955,0.43111673
2960,0.010063004
2961,0.013805417
2962,0.0023060192
2964,0.0066552395
2966,0.0059997956
2972,0.6739473
2978,0.3447331
2995,0.020451047
2999,0.037446592
3005,0.25572017
3006,0.0044871555
3011,0.6960412
3014,0.0011576794
3022,0.34667492
3023,0.5787708
3042,0.0059838686
3043,0.49237576
3045,0.34126914
3047,0.41043887
3050,0.34276617
3058,0.3578944
3059,0.6466171
3063,0.7033744
3068,0.7255822
3071,0.6719792
3078,0.61110806
3081,0.278896
3084,0.6308127
3085,0.047975894
3087,0.7119703
3089,0.03723484
3093,0.5464253
3098,0.661719
3101,0.57439756
3110,0.48033637
3114,0.52817357
3121,0.48089668
3122,0.36737427
3125,0.0916475
3128,0.7208901
3131,0.6893466
3132,0.1400996
3151,0.015011406
3153,0.54491585
3155,0.70550394
3156,0.00311505
3160,0.39418182
3161,0.0047005466
3163,0.34271044
3170,0.639053
3175,0.4290979
3176,0.4731694
3192,0.0022802176
3194,0.551971
3201,0.5799073
3205,0.5272084
3208,0.4977528
3209,0.031517614
3215,0.7534744
3216,0.1246289
3222,0.14564317
3223,0.35338753
3227,0.4130349
3235,0.42834532
3236,0.6331827
3250,0.37024873
3254,0.0055243922
3257,0.4611353
3258,0.4895014
3267,0.064190246
3271,0.010880635
3273,0.7187571
3274,0.40734085
3278,0.7528082
3290,0.34880993
3297,0.015959054
3305,0.41033754
3313,0.5628798
3315,0.6824409
3320,0.009150589
3321,0.009150589
3322,0.40002763
3325,0.7272492
3334,0.52056545
3337,0.4201612
3344,0.6365822
3348,0.062000208
3351,0.027929857
3355,0.6322327
3356,0.7044807
3358,0.41034916
3368,0.02831908
3369,0.4528463
3372,0.0045911237
3374,0.005261598
3382,0.60872066
3387,0.0025669301
3390,0.65838593
3391,0.04912073
3394,0.045029454
3400,0.5323463
3404,0.041050326
3407,0.5299459
3412,0.71658146
3416,0.009151898
3417,0.47695813
3420,0.29612428
3421,0.29507434
3424,0.007356892
3426,0.6272859
3429,0.16802329
3430,0.2518088
3431,0.10262591
3435,0.34870574
3438,0.07139849
3447,0.0015124939
3451,0.01585201
3453,0.02393403
3454,0.535194
3456,0.007569031
3458,0.19522555
3464,0.036114033
3465,0.2587783
3472,0.2855839
3477,0.034171127
3479,0.05611373
3484,0.026145479
3486,0.22408526
3487,0.039234873
3489,0.27720806
3492,0.47956145
3493,0.41446027
3508,0.0036898071
3509,0.023363246
3510,0.061797716
3512,0.006177748
3513,0.059362024
3515,0.6821194
3522,0.20692524
3523,0.0070759626
3526,0.059184857
3529,0.0041984483
3542,0.63582873
3544,0.61807066
3551,0.75168014
3553,0.6529318
3554,0.6728125
3555,0.6366558
3565,0.41469076
3566,0.5315343
3567,0.46264756
3568,0.62599534
3579,0.20675333
3580,0.46364832
3581,0.49425408
3586,0.029217673
3599,0.007465991
3602,0.08605253
3603,0.42748404
3605,0.009286543
3607,0.43590102
3610,0.51984155
3615,0.7097786
3616,0.7811885
3617,0.15606597
3623,0.65322405
3626,0.021023666
3627,0.18556862
3629,0.44699383
3632,0.6383893
3639,0.06916855
3642,0.28029907
3643,0.069605745
3645,0.7406997
3648,0.06803709
3649,0.53359836
3653,0.15668476
3658,0.022033697
3659,0.055153023
3665,0.048455324
3673,0.019721132
3677,0.45406395
3679,0.037714195
3681,0.44840106
3686,0.32490957
3695,0.30851254
3698,0.28836364
3702,0.61093277
3709,0.44458723
3710,0.6567436
3720,0.45311165
3722,0.003862391
3724,0.19308655
3726,0.0066034393
3727,0.08330512
3728,0.42813185
3730,0.43085375
3735,0.056505423
3749,0.005245125
3750,0.33943188
3754,0.033702224
3757,0.22970115
3760,0.5508426
3761,0.13966776
3766,0.023674637
3771,0.21638787
3773,0.0047120294
3781,0.20814548
3785,0.7174279
3787,0.6243007
3788,0.7099156
3792,0.5655973
3797,0.70812076
3798,0.3047242
3804,0.43410456
3811,0.63898116
3818,0.5917568
3819,0.3639392
3822,0.37533385
3827,0.67043495
3829,0.04168695
3835,0.686713
3836,0.5416311
3838,0.5696607
3840,0.03230729
3843,0.3722606
3844,0.52375877
3847,0.030233113
3852,0.36858678
3859,0.0027170365
3860,0.046818055
3863,0.25113466
3864,0.011236129
3866,0.22523676
3870,0.6602815
3873,0.38181922
3874,0.022510659
3881,0.3514728
3888,0.1297999
3896,0.3530966
3902,0.37554923
3903,0.03808523
3906,0.21652232
3908,0.04552447
3909,0.2651127
3911,0.83248466
3914,0.0066847885
3915,0.62327784
3919,0.54402995
3920,0.30846015
3923,0.36827588
3924,0.59910053
3927,0.33508673
3930,0.74610627
3936,0.23050477
3938,0.0033285425
3941,0.37517902
3948,0.009747305
3949,0.17390032
3955,0.4658321
3958,0.39925575
3959,0.35138375
3962,0.0027533784
3966,0.43662778
3967,0.045739576
3974,0.42623034
3977,0.040171288
3978,0.7960429
3981,0.53783995
3984,0.007110846
3985,0.007110846
3987,0.007250198
3992,0.64142454
3993,0.48661286
3998,0.68353117
4007,0.10128954
4008,0.39175385
4011,0.13243374
4013,0.6274961
4014,0.44721684
4015,0.0058415392
4019,0.75835437
4027,0.36661085
4028,0.33364838
4031,0.24031323
4040,0.5414284
4041,0.68334013
4042,0.60548675
4043,0.0076205716
4047,0.010906221
4053,0.11302387
4054,0.0021973096
4055,0.0021973096
4056,0.5801426
4063,0.44049627
4066,0.33676103
4070,0.44760853
4073,0.6284709
4074,0.018369794
4075,0.20273113
4082,0.007559824
4084,0.015222738
4091,0.5394135
4094,0.64537424
4095,0.0020993822
4096,0.727275
4098,0.04881485
4101,0.038480338
4103,0.54194546
4104,0.020190852
4107,0.049816947
4110,0.7242241
4114,0.3613196
4117,0.2682196
4118,0.040780082
4121,0.04045493
4126,0.78091013
4128,0.005149749
4137,0.017803714
4138,0.23130645
4147,0.84518194
4152,0.48040658
4155,0.24560484
4156,0.51930946
4157,0.34271738
4163,0.4214326
4167,0.6086504
4171,0.5211316
4172,0.26851118
4179,0.62763184
4183,0.23924409
4186,0.020094614
4189,0.022433527
4190,0.4818063
4193,0.006950361
4196,0.5914108
4200,0.023813182
4211,0.5905675
4214,0.34844145
4218,0.073187955
4220,0.5298127
4221,0.006983344
4223,0.36731225
4229,0.015277037
4230,0.20912655
4232,0.036305334
4239,0.01162686
4241,0.0030310294
4244,0.040409576
4246,0.007109934
4248,0.25279605
4251,0.045296833
4252,0.57105803
4254,0.8981884
4257,0.013437638
4260,0.30055824
4261,0.7211336
4264,0.023599068
4266,0.5029826
4270,0.06791927
4277,0.07329848
4278,0.04490002
4285,0.010631535
4288,0.5227319
4289,0.691652
4293,0.411739
4296,0.41901326
4300,0.03402751
4301,0.4950475
4304,0.085159324
4313,0.356236
4314,0.29835862
4318,0.6682811
4323,0.18884149
4326,0.74883115
4327,0.618788
4333,0.114927895
4337,0.034088627
4345,0.39230517
4346,0.26268455
4348,0.059853453
4350,0.04260535
4352,0.7117213
4353,0.5956854
4355,0.22881083
4361,0.47664264
4362,0.40310374
4367,0.669166
4375,0.046543233
4377,0.63587034
4384,0.51283973
4386,0.08179142
4394,0.41990608
4395,0.53877175
4402,0.5725953
4405,0.44122276
4408,0.74363023
4412,0.5485956
4414,0.22992559
4419,0.7245989
4421,0.7845915
4425,0.30530193
4427,0.7649115
4428,0.038347393
4438,0.12946333
4439,0.007826527
4445,0.45236915
4447,0.061329007
4448,0.022160493
4450,0.31128594
4452,0.1500986
4455,0.0827019
4457,0.3820944
4458,0.010527034
4465,0.6086279
4473,0.12576018
4474,0.4977861
4478,0.560232
4489,0.002868986
4492,0.37671572
4493,0.46458808
4496,0.0072088013
4499,0.5231183
4502,0.16434233
4504,0.66749656
4511,0.31808114
4518,0.0030701463
4521,0.4404599
4524,0.38908923
4525,0.6882747
4527,0.6403847
4529,0.6231224
4531,0.6728761
4534,0.0021819698
4537,0.5052272
4544,0.15371484
4545,0.013316793
4550,0.06404631
4556,0.046301607
4559,0.0812387
4562,0.006165593
4563,0.07179685
4567,0.37824243
4568,0.7059036
4571,0.7925657
4573,0.43208468
4575,0.3638689
4576,0.048370365
4579,0.34586003
4581,0.8129366
4586,0.75629747
4590,0.43867925
4591,0.82152444
4593,0.38662338
4594,0.008429829
4595,0.04223148
4602,0.035219837
4606,0.1501186
4618,0.91971064
4619,0.757112
4633,0.7649936
4635,0.10457777
4636,0.802435
4640,0.79212654
4642,0.65843725
4644,0.6843689
4645,0.72214997
4647,0.77617997
4649,0.49135345
4655,0.78962386
4658,0.4383236
4659,0.28517947
4668,0.0041972087
4671,0.3241098
4674,0.09609485
4678,0.18165526
4679,0.010222728
4686,0.27713662
4687,0.011327427
4688,0.012345819
4689,0.1526696
4693,0.006902151
4694,0.2450643
4695,0.0037794185
4696,0.0031188074
4697,0.055881713
4698,0.22824788
4699,0.0039200224
4703,0.008299091
4705,0.36804274
4715,0.021150405
4716,0.57210416
4717,0.5443095
4718,0.43016693
4721,0.28933427
4723,0.0073927063
4725,0.0018663851
4739,0.1389106
4740,0.010175414
4741,0.3046782
4754,0.016811771
4761,0.14890656
4763,0.0390493
4769,0.001
4772,0.30327168
4775,0.023085017
4777,0.094525054
4779,0.2554473
4781,0.3120303
4784,0.004731552
4785,0.3628998
4791,0.17328173
4796,0.677826
4797,0.0021563433
4799,0.22486433
4807,0.0640159
4808,0.113324605
4810,0.38530445
4812,0.22279519
4814,0.3767045
4818,0.2873536
4821,0.0016626638
4827,0.47425494
4832,0.48135284
4841,0.0043512476
4842,0.32204452
4847,0.022877488
4848,0.32689223
4849,0.0019050764
4853,0.010819633
4859,0.61059254
4860,0.6878768
4861,0.57477385
4867,0.004603863
4869,0.0035170773
4872,0.05994381
4873,0.008786648
4880,0.24755993
4883,0.28209248
4889,0.40331852
4891,0.17387342
4892,0.001
4902,0.23476936
4907,0.006283676
4921,0.18675478
4930,0.115837745
4933,0.41327313
4938,0.008232332
4939,0.0024643724
4940,0.40344906
4942,0.18671982
4944,0.0020814044
4946,0.6502725
4948,0.5054181
4950,0.60802776
4965,0.5465184
4966,0.66756064
4970,0.44543877
4972,0.51425517
4973,0.5532891
4974,0.55505735
4977,0.5519494
4978,0.5290266
4980,0.5734938
4981,0.21650341
4986,0.609639
4990,0.33990586
4999,0.06961427
5002,0.123715915
5003,0.28252193
5006,0.028172323
5007,0.34870854
5013,0.42041534
5017,0.43911758
5018,0.016861355
5022,0.074067645
5023,0.075442195
5029,0.104012296
5030,0.045008294
5039,0.106022544
5040,0.12522765
5041,0.35992655
5045,0.20131229
5047,0.12101898
5048,0.13960186
5056,0.34586993
5057,0.3349527
5059,0.018030573
5065,0.0018441228
5068,0.023454623
5071,0.1336528
5072,0.007103689
5073,0.0070837024
5076,0.42367032
5084,0.16540428
5086,0.21957228
5089,0.03311266
5090,0.10261317
5092,0.0066871443
5093,0.032054972
5102,0.47711113
5103,0.027244005
5105,0.027574763
5113,0.69708663
5115,0.041372746
5116,0.07203718
5117,0.028042857
5118,0.076766275
5120,0.07778363
5123,0.045909695
5124,0.09697429
5128,0.07726967
5130,0.07625847
5142,0.63080406
5145,0.0979609
5147,0.041062333
5152,0.57740664
5153,0.62837285
5154,0.56154466
5158,0.108593
5160,0.33577487
5161,0.38910687
5166,0.053694673
5169,0.48291543
5171,0.40106454
5174,0.3933676
5176,0.4623606
5180,0.39225724
5181,0.087917306
5189,0.04151461
5190,0.02391858
5191,0.6348353
5197,0.09445362
5209,0.2927085
5213,0.010221151
5218,0.33307627
5219,0.39665157
5224,0.036470603
5227,0.039385453
5228,0.047019713
5230,0.040545058
5235,0.037739158
5236,0.024593156
5239,0.012246274
5250,0.0139033
5263,0.41697425
5265,0.5131348
5267,0.43168712
5270,0.3420412
5271,0.067123614
5275,0.04509525
5277,0.44620332
5278,0.055889845
5288,0.23949288
5296,0.027659252
5304,0.067721605
5307,0.0064105447
5309,0.02147702
5310,0.013238093
5311,0.08810232
5312,0.014765896
5315,0.03861917
5317,0.015692893
5320,0.62973887
5321,0.049843464
5322,0.41957363
5328,0.087691955
5342,0.5374311
5344,0.0569309
5346,0.484993
5348,0.007983326
5356,0.66247517
5357,0.6450785
5360,0.120865345
5363,0.5156571
5364,0.4994903
5365,0.4053882
5367,0.08892437
5374,0.007501342
5384,0.07629303
5386,0.40317383
5387,0.0024601207
5389,0.024517791
5398,0.02767589
5399,0.03461985
5400,0.022618588
5401,0.021210922
5405,0.56337106
5406,0.5660806
5417,0.6377317
5419,0.10583853
5420,0.012610234
5422,0.010949338
5424,0.6378193
5433,0.0139168855
5448,0.040154994
5453,0.042657122
5454,0.08277844
5457,0.7414221
5460,0.5333078
5461,0.015780028
5465,0.0119696
5467,0.65631366
5468,0.03268603
5471,0.68134534
5472,0.078210466
5475,0.107949354
5477,0.00965535
5480,0.01951613
5484,0.1524655
5486,0.023897639
5488,0.6769851
5492,0.05211589
5495,0.38428304
5501,0.36348265
5503,0.002880907
5506,0.04848608
5512,0.2716864
5521,0.24724601
5525,0.34686473
5526,0.119734176
5530,0.76336145
5535,0.2933974
5537,0.19301859
5542,0.24104099
5545,0.4248802
5549,0.12219485
5553,0.75650257
5555,0.6362728
5557,0.6174731
5562,0.42200398
5565,0.46504328
5570,0.6413066
5572,0.388044
5573,0.012486659
5579,0.47063434
5586,0.060445633
5591,0.2788541
5592,0.7038867
5593,0.49915206
5594,0.044351116
5595,0.19575824
5601,0.1981527
5602,0.29583907
5605,0.29837915
5607,0.3215085
5611,0.31740904
5612,0.29867613
5615,0.31740904
5620,0.32532704
5623,0.32827473
5627,0.32532704
5630,0.32525754
5633,0.2712604
5640,0.012957305
5650,0.03708704
5655,0.03569227
5666,0.012947307
5669,0.03297175
5675,0.2916332
5676,0.032253917
5678,0.28744322
5680,0.36644617
5681,0.28583258
5688,0.15264665
5689,0.1153297
5692,0.016869664
5698,0.4837123
5699,0.019209582
5700,0.019401764
5707,0.028164405
5709,0.27890867
5710,0.24984245
5712,0.27117988
5716,0.27117988
5720,0.25960883
5725,0.24480607
5727,0.03543332
5728,0.026398337
5729,0.044941384
5736,0.34681568
5748,0.033314582
5751,0.03605687
5755,0.029669695
5757,0.032534324
5759,0.029461665
5760,0.0356258
5763,0.03781132
5765,0.061113548
5768,0.03543332
5771,0.0100745335
5776,0.07112188
5778,0.03710811
5782,0.02145284
5783,0.12647983
5784,0.1513163
5792,0.11958456
5793,0.11477061
5795,0.08333614
5805,0.22414723
5806,0.2182515
5808,0.18527547
5813,0.40236917
5814,0.27552494
5824,0.23090269
5827,0.23090269
5828,0.345244
5831,0.2826846
5842,0.2180437
5845,0.2684469
5854,0.19455522
5861,0.46800622
5863,0.6122939
5865,0.37761205
5873,0.09875892
5875,0.01390995
5877,0.4896857
5878,0.39039296
5879,0.40778694
5881,0.4612635
5884,0.56138647
5895,0.7066536
5900,0.5353285
5901,0.47605225
5904,0.47451183
5905,0.34016088
5906,0.25448123
5909,0.37628004
5910,0.4994373
5911,0.81207824
5912,0.08197894
5918,0.57007587
5919,0.37375388
5935,0.6450852
5937,0.708763
5938,0.5527969
5939,0.52363443
5940,0.43881634
5942,0.7975832
5943,0.56082195
5944,0.56082195
5949,0.5633842
5954,0.5511543
5957,0.57250434
5958,0.57339627
5969,0.43455437
5970,0.024417091
5977,0.29009053
5978,0.3067841
5981,0.18511182
5982,0.07354778
5983,0.64330405
5984,0.5830092
5986,0.49978736
5989,0.45329684
5990,0.45329684
5995,0.08513627
5996,0.7842116
5998,0.6649265
5999,0.35219842
6003,0.7340867
6005,0.7092022
6009,0.06496573
6018,0.81134236
6025,0.8141762
6029,0.21494187
6030,0.72905695
6031,0.66343117
6038,0.78455263
6050,0.014316519
6051,0.022779765
6052,0.20308827
6061,0.8607988
6069,0.3935054
6076,0.01654243
6079,0.34958884
6081,0.021415701
6085,0.42148098
6086,0.33472103
6089,0.053101324
6090,0.016553162
6096,0.4083154
6098,0.023558665
6100,0.5033189
6101,0.6892231
6102,0.31031102
6103,0.6473174
6108,0.49340853
6109,0.2996789
6110,0.35817134
6112,0.34868985
6115,0.19918063
6116,0.5638122
6117,0.011526606
6119,0.5324251
6122,0.62547976
6127,0.42886043
6133,0.030118536
6134,0.94272476
6139,0.23671263
6142,0.67192036
6148,0.021987302
6149,0.029041551
6151,0.33124432
6152,0.40565524
6156,0.76177204
6158,0.7451313
6165,0.42221284
6166,0.0402948
6174,0.11074675
6175,0.031998113
6176,0.3893229
6181,0.70436376
6183,0.72944266
6184,0.42809916
6187,0.5941149
6190,0.5422314
6191,0.47239786
6195,0.40975744
6198,0.43999895
6204,0.06169564
6205,0.42055368
6206,0.59142137
6208,0.22633573
6210,0.23342496
6212,0.5188347
6216,0.014543667
6222,0.46914914
6223,0.37294662
6226,0.4570504
6234,0.15689915
6235,0.005578901
6236,0.005578901
6241,0.5167459
6245,0.6733894
6246,0.5489042
6247,0.022013875
6249,0.13088296
6254,0.6254603
6264,0.3631773
6267,0.10624423
6275,0.74833196
6276,0.58178145
6282,0.25190583
6283,0.40088606
6293,0.015599171
6295,0.04940081
6305,0.49986544
6307,0.14864911
6308,0.28638822
6312,0.2890803
6330,0.82675844
6331,0.8327592
6335,0.78340214
6336,0.91382724
6338,0.09343889
6341,0.090709746
6344,0.3234048
6347,0.3474287
6348,0.25043508
6349,0.5375491
6353,0.013749508
6364,0.8034803
6375,0.009218015
6376,0.1998193
6377,0.193047
6393,0.44248623
6401,0.3144027
6407,0.74163014
6411,0.040022884
6415,0.018529199
6418,0.56763726
6419,0.0068273167
6422,0.085367545
6428,0.39076626
6430,0.052005455
6433,0.038326517
6434,0.04553618
6437,0.51826435
6440,0.32330394
6441,0.5381373
6443,0.21008681
6444,0.0063902703
6445,0.011034006
6447,0.20009874
6450,0.19496526
6460,0.367479
6464,0.054417215
6467,0.0059484267
6469,0.3215713
6474,0.7764853
6477,0.14421572
6478,0.2943479
6483,0.18792301
6484,0.336599
6486,0.38052404
6487,0.37354344
6494,0.35051596
6495,0.29088804
6497,0.010617786
6501,0.1165632
6502,0.57649577
6506,0.19643757
6508,0.008322316
6510,0.40187967
6519,0.66087717
6523,0.56298554
6524,0.8155775
6529,0.03047513
6530,0.80375165
6533,0.7152308
6538,0.3036628
6539,0.86762786
6545,0.6437444
6553,0.8522926
6557,0.8818312
6558,0.064534955
6561,0.45573705
6562,0.7139368
6565,0.06259347
6566,0.68311125
6569,0.60822535
6570,0.30981398
6579,0.8765844
6582,0.023920568
6583,0.47822663
6588,0.80113626
6590,0.28668445
6591,0.44502607
6592,0.7338204
6595,0.043248102
6597,0.7072846
6600,0.6394383
6601,0.28164575
6602,0.43817216
6609,0.6123362
6617,0.81269526
6623,0.07372792
6625,0.43776304
6639,0.73114145
6640,0.47056216
6643,0.19742645
6648,0.07552869
6655,0.8999464
6657,0.01735952
6659,0.87056595
6665,0.3473902
6666,0.7123115
6667,0.6779949
6672,0.4084549
6677,0.28972316
6679,0.5194853
6682,0.108419895
6683,0.7680214
6684,0.7973855
6691,0.73480767
6697,0.028367858
6699,0.047399655
6700,0.08459474
6705,0.50852174
6713,0.38758975
6714,0.014320242
6717,0.687161
6720,0.39978123
6722,0.39882913
6724,0.049572352
6730,0.010497458
6732,0.5726678
6738,0.65078115
6740,0.13227665
6743,0.0326007
6744,0.03871871
6745,0.75038326
6750,0.26086947
6751,0.2194802
6763,0.011730933
6764,0.4899691
6775,0.0075515457
6776,0.84109145
6778,0.42648992
6784,0.33008265
6786,0.7297143
6789,0.44067815
6795,0.7862217
6796,0.79625213
6799,0.105185695
6800,0.45825747
6801,0.6597992
6802,0.015935574
6809,0.65403426
6824,0.24630505
6826,0.20998377
6835,0.26891756
6838,0.031310085
6852,0.01635265
6855,0.016651621
6858,0.6805462
6865,0.7110437
6868,0.54171747
6872,0.39494887
6878,0.6421225
6882,0.047040403
6885,0.025152791
6887,0.4800994
6892,0.34615716
6895,0.57089156
6896,0.012946203
6899,0.24300994
6900,0.51191413
6902,0.048218682
6904,0.05259381
6907,0.2337384
6911,0.4672127
6921,0.014865912
6925,0.13525729
6929,0.3318971
6933,0.6815402
6934,0.47218361
6936,0.058059033
6943,0.5153867
6947,0.059168108
6948,0.57866675
6950,0.43744618
6951,0.7610307
6955,0.7597613
6959,0.7208914
6962,0.7619009
6971,0.63365114
6976,0.61566055
6984,0.020584248
6988,0.405114
6996,0.016248548
7006,0.24328244
7010,0.02473898
7011,0.031940237
7013,0.02714979
7021,0.2796778
7022,0.48803958
7035,0.6893697
7036,0.41995504
7038,0.45142835
7039,0.02398114
7040,0.021266365
7042,0.3974508
7044,0.41018856
7046,0.018392261
7047,0.7973202
7050,0.51522267
7052,0.58152294
7059,0.6801107
7060,0.41651702
7065,0.19922432
7066,0.4559284
7073,0.029312287
7075,0.022449177
7078,0.04912845
7082,0.6803886
7087,0.10171039
7095,0.679334
7099,0.094468735
7104,0.55400974
7108,0.6126859
7111,0.07194684
7115,0.8351871
7116,0.3776448
7117,0.55357057
7118,0.01642565
7120,0.07051836
7123,0.4098222
7129,0.6010631
7130,0.5611249
7131,0.055572107
7134,0.0598201
7136,0.061192624
7140,0.41176465
7141,0.48864603
7142,0.36379647
7145,0.6483901
7152,0.7811309
7154,0.027174821
7155,0.7028462
7158,0.009246103
7160,0.7476111
7162,0.3059031
7163,0.7909989
7164,0.4751379
7166,0.4765361
7167,0.027826905
7169,0.009942087
7175,0.17476746
7176,0.34776467
7177,0.7702619
7178,0.018361537
7182,0.44715032
7184,0.62724227
7185,0.14993875
7198,0.19769585
7203,0.48056147
7204,0.7550009
7206,0.6166268
7211,0.042374253
7221,0.51455295
7223,0.06032625
7228,0.03297476
7229,0.5312258
7231,0.7401023
7237,0.06048351
7245,0.031702586
7249,0.24528329
7251,0.02466876
7252,0.16805997
7259,0.15031889
7262,0.05900873
7266,0.45125395
7271,0.17658162
7274,0.013313862
7275,0.16632392
7277,0.31797093
7278,0.09397301
7283,0.7334584
7286,0.19168656
7297,0.58840066
7298,0.6617822
7300,0.2433153
7301,0.2903636
7303,0.20915979
7308,0.28633708
7309,0.32214758
7311,0.23480755
7315,0.032403987
7317,0.083924405
7320,0.49092597
7324,0.011579961
7328,0.52616143
7332,0.24556142
7336,0.32099366
7338,0.02524321
7340,0.0713329
7345,0.77594846
7351,0.47048223
7352,0.27986258
7368,0.047433082
7370,0.49988535
7373,0.49969476
7374,0.39467734
7377,0.07791436
7380,0.015469907
7387,0.39764267
7394,0.37544498
7396,0.07161859
7401,0.39196366
7403,0.076375484
7407,0.647055
7408,0.13645254
7410,0.7853808
7412,0.3199507
7413,0.772065
7418,0.6076058
7424,0.37715182
7426,0.2579565
7429,0.0070456015
7431,0.3536095
7433,0.39351803
7434,0.6656151
7437,0.05236585
7438,0.8606255
7443,0.86050004
7445,0.55623966
7446,0.02864033
7448,0.4862305
7449,0.014828201
7461,0.40252075
7463,0.57632077
7466,0.47280946
7481,0.17621338
7482,0.02543931
7488,0.008177028
7489,0.008791969
7495,0.040903572
7499,0.79590946
7500,0.019985082
7508,0.13589594
7512,0.18749122
7513,0.575998
7516,0.037814934
7518,0.654902
7520,0.5071301
7521,0.1753494
7523,0.6219033
7528,0.013000327
7530,0.012401001
7531,0.4331391
7533,0.011712163
7539,0.63201153
7542,0.03857965
7545,0.36226356
7546,0.0066209193
7550,0.16318415
7551,0.6084553
7559,0.008902957
7560,0.6801056
7563,0.088996716
7564,0.030069623
7570,0.05753713
7571,0.015763514
7574,0.025540862
7578,0.026242286
7581,0.036438745
7583,0.06757117
7587,0.045211382
7590,0.035588257
7591,0.014365461
7596,0.03838477
7597,0.00828031
7598,0.18659025
7602,0.07626499
7605,0.7481005
7617,0.0023144314
7618,0.0023144314
7622,0.016344665
7624,0.006857117
7625,0.01111156
7627,0.01214189
7628,0.5982165
7631,0.040957227
7636,0.040913947
7637,0.022893386
7640,0.08672782
7641,0.057676077
7650,0.10944971
7651,0.034338713
7652,0.0027114502
7657,0.6736755
7668,0.055391148
7669,0.24983287
7673,0.040217884
7677,0.2137558
7678,0.042889107
7679,0.703561
7680,0.05050763
7681,0.05050763
7682,0.4783296
7693,0.3489227
7695,0.26279745
7697,0.024618652
7704,0.011750236
7712,0.08195192
7713,0.652646
7714,0.002033187
7715,0.019150648
7716,0.021081489
7724,0.0022052494
7730,0.030106211
7733,0.0059359204
7738,0.2211929
7743,0.58558244
7744,0.69107157
7745,0.5867451
7752,0.7280578
7753,0.3508222
7755,0.005239346
7757,0.6814226
7761,0.52029455
7764,0.04958863
7766,0.004724897
7772,0.10710589
7782,0.05793253
7786,0.14673975
7794,0.3233997
7800,0.014351362
7804,0.096705936
7809,0.44683474
7811,0.716616
7812,0.029451357
7817,0.75015354
7819,0.5062989
7828,0.176678
7829,0.01573683
7830,0.041362442
7831,0.017676387
7833,0.013569143
7835,0.570508
7844,0.518554
7846,0.39717516
7847,0.15988804
7850,0.012339911
7855,0.3425203
7857,0.011479322
7858,0.69778115
7859,0.12123852
7869,0.39046487
7877,0.2964273
7879,0.48260647
7880,0.36854386
7883,0.5613142
7886,0.47877276
7887,0.37838468
7888,0.30587095
7889,0.29884866
7892,0.27827507
7895,0.18335006
7896,0.0067564873
7905,0.15592396
7906,0.108522356
7907,0.46210572
7909,0.4281073
7912,0.04951883
7913,0.46955067
7918,0.01555743
7934,0.33708608
7935,0.016209554
7937,0.32615992
7939,0.19706357
7944,0.030685233
7947,0.25261998
7952,0.09717392
7954,0.71993375
7955,0.033592626
7956,0.39045918
7957,0.5127467
7959,0.037697412
7962,0.49991193
7963,0.32318693
7966,0.3845046
7967,0.26737836
7971,0.0059242668
7973,0.72595453
7975,0.5289615
7996,0.30762655
7999,0.32494834
8001,0.30237105
8007,0.005834977
8009,0.15105739
8014,0.022460226
8019,0.48191458
8022,0.66610944
8024,0.014224431
8025,0.21219143
8026,0.15378763
8029,0.35094506
8033,0.0038050727
8034,0.22897558
8040,0.010543533
8042,0.008344652
8047,0.5868173
8051,0.6054605
8054,0.012371426
8057,0.57310164
8059,0.601135
8070,0.6602849
8074,0.09304785
8075,0.3001562
8083,0.46204856
8085,0.039067235
8088,0.7517657
8090,0.3246933
8102,0.102659464
8106,0.81896996
8107,0.61807346
8112,0.6006949
8113,0.4599571
8114,0.1409192
8118,0.567383
8125,0.2936909
8126,0.5799525
8129,0.08541572
8130,0.01609172
8131,0.43926498
8134,0.016212825
8139,0.028987225
8145,0.72364277
8151,0.2067023
8155,0.72208035
8157,0.42480916
8159,0.44444764
8162,0.47659534
8168,0.02734957
8173,0.08268776
8174,0.7575272
8178,0.19923294
8180,0.60532427
8183,0.0109531805
8184,0.0109531805
8189,0.008972292
8193,0.7691442
8202,0.095057115
8203,0.7688434
8208,0.25717065
8212,0.6712786
8214,0.090080075
8217,0.8176145
8229,0.012114901
8230,0.010534388
8234,0.65126395
8235,0.07048993
8238,0.29794997
8243,0.78121674
8244,0.7913593
8245,0.8684634
8246,0.80775595
8247,0.8077938
8248,0.78529966
8250,0.21845451
8255,0.7787023
8256,0.78294766
8259,0.15648657
8260,0.8693986
8261,0.8085012
8268,0.13825496
8269,0.7975018
8270,0.020337868
8277,0.71018094
8281,0.02788469
8283,0.46255144
8286,0.7604651
8288,0.35437304
8296,0.022063978
8298,0.44850516
8302,0.15463494
8305,0.02540855
8307,0.8038226
8311,0.6666887
8317,0.6869199
8320,0.66503865
8321,0.024729664
8322,0.15083838
8323,0.27585453
8340,0.023938343
8344,0.012432833
8345,0.6604427
8350,0.6604427
8351,0.025960486
8356,0.6332435
8360,0.6610567
8367,0.6771109
8373,0.6261699
8380,0.039146625
8383,0.32094258
8388,0.63011193
8391,0.43929008
8394,0.0752535
8395,0.63038075
8397,0.60668683
8400,0.47550628
8401,0.6258008
8403,0.5584412
8405,0.044423062
8410,0.7411943
8411,0.7095033
8416,0.07684597
8420,0.6356362
8422,0.450474
8425,0.067182146
8433,0.007075782
8438,0.07418821
8440,0.6846262
8448,0.013109285
8452,0.8413269
8453,0.8034729
8461,0.7900069
8468,0.37648755
8469,0.012563706
8470,0.009309987
8472,0.71390074
8475,0.35314852
8476,0.7254487
8477,0.8000771
8479,0.7449822
8485,0.78447795
8486,0.19859771
8489,0.054066155
8497,0.7750455
8500,0.15758452
8507,0.827749
8508,0.03511043
8511,0.82127154
8524,0.7555165
8530,0.118939005
8547,0.057048433
8548,0.7568083
8556,0.046106763
8557,0.27292353
8563,0.057418164
8565,0.28007898
8567,0.20724076
8569,0.23661235
8570,0.06960924
8572,0.15235624
8573,0.06387034
8581,0.41099617
8584,0.089844674
8587,0.24196436
8594,0.25707123
8597,0.23485696
8600,0.60943633
8601,0.64971113
8603,0.13492261
8611,0.4469501
8612,0.4469501
8615,0.077292316
8616,0.40744045
8617,0.05689676
8622,0.21075206
8634,0.6266028
8638,0.03832242
8641,0.4200488
8644,0.40460515
8647,0.026737181
8662,0.18149938
8675,0.37983
8678,0.23342335
8686,0.7676907
8690,0.24621989
8702,0.76000947
8705,0.81968933
8707,0.11461433
8709,0.59662414
8723,0.23639758
8729,0.6845142
8730,0.52062315
8732,0.30295196
8738,0.399142
8739,0.7563475
8746,0.24348383
8749,0.41171932
8752,0.20676345
8757,0.44167417
8764,0.28085065
8767,0.38239285
8768,0.3455163
8769,0.30289775
8770,0.17832357
8773,0.050681073
8774,0.0064239195
8776,0.57976985
8777,0.28209633
8779,0.045531247
8783,0.51771975
8785,0.30040106
8786,0.27323946
8795,0.4275709
8801,0.049788605
8805,0.049564477
8807,0.0036359816
8813,0.24116533
8815,0.23724094
8816,0.008522118
8818,0.12504327
8823,0.22810349
8824,0.36666316
8827,0.020637507
8834,0.009359683
8835,0.01125588
8836,0.006298014
8837,0.03535071
8839,0.0037478607
8841,0.011041325
8845,0.008884497
8848,0.116166554
8850,0.006410205
8856,0.021751514
8860,0.18269284
8864,0.3901417
8871,0.004557098
8880,0.19929557
8881,0.033817586
8888,0.18215978
8894,0.3573298
8895,0.01681777
8897,0.22726043
8901,0.0023330806
8902,0.4787923
8904,0.01867388
8906,0.003737756
8907,0.0018400458
8908,0.0047372277
8910,0.27344286
8911,0.1778297
8913,0.39817902
8916,0.025431698
8921,0.012150351
8923,0.011802399
8931,0.08700508
8954,0.49691117
8959,0.0105256485
8967,0.25222003
8969,0.0038293754
8970,0.45750546
8971,0.012580186
8976,0.257454
8978,0.005115039
8982,0.0016091005
8984,0.22052976
8985,0.3147003
8995,0.002162828
9002,0.004888708
9003,0.109031774
9005,0.046670448
9006,0.002435151
9013,0.0012569041
9014,0.0011776004
9019,0.62446785
9025,0.22983016
9026,0.007864881
9031,0.062195644
9033,0.29952946
9040,0.035834774
9043,0.040875297
9049,0.011279929
9061,0.003391538
9069,0.021400772
9081,0.0012396502
9083,0.009620636
9084,0.036250737
9086,0.16196859
9088,0.018509895
9091,0.04359717
9095,0.002824933
9099,0.15052935
9103,0.13915825
9105,0.60755634
9108,0.231316
9121,0.092249766
9123,0.0024808142
9124,0.014165093
9126,0.041945226
9130,0.22971934
9131,0.21116944
9134,0.13573442
9135,0.0014685371
9139,0.001
9141,0.016444843
9143,0.2434408
9147,0.0011800111
9149,0.001028131
9158,0.23082523
9161,0.28316447
9162,0.24691151
9163,0.001
9165,0.061067544
9169,0.16496573
9173,0.1842627
9175,0.04472782
9176,0.1326042
9181,0.013657189
9186,0.20310003
9190,0.22971532
9191,0.18153208
9199,0.22689496
9201,0.2557777
9203,0.18892378
9205,0.29157606
9209,0.021074677
9218,0.012039184
9227,0.3209718
9231,0.2796485
9233,0.11460347
9234,0.01782882
9251,0.0014218058
9257,0.0013440511
9262,0.009557169
9263,0.0068121306
9267,0.23528498
9268,0.0010810915
9275,0.17916793
9278,0.32722762
9283,0.013973208
9284,0.14732763
9287,0.048146352
9289,0.33225474
9294,0.019841997
9295,0.0013441471
9299,0.56691504
9301,0.003826139
9307,0.064182475
9312,0.22336832
9314,0.22926384
9317,0.001
9319,0.0020753783
9326,0.0011989275
9331,0.008098881
9344,0.006514551
9345,0.00363903
9346,0.21403642
9348,0.5267631
9353,0.495833
9368,0.001
9372,0.22574757
9381,0.46123376
9385,0.01008673
9389,0.24601692
9393,0.42827994
9394,0.42508465
9397,0.07927657
9400,0.001
9403,0.0013674287
9405,0.015244003
9408,0.13367538
9411,0.0013829462
9414,0.0012632086
9419,0.07103618
9420,0.06044803
9426,0.014418103
9429,0.09763813
9431,0.6370881
9438,0.13460615
9442,0.10262042
9443,0.001
9446,0.0342521
9459,0.09083843
9463,0.6540626
9468,0.651232
9472,0.040765025
9479,0.00950938
9481,0.001
9485,0.2117153
9492,0.05837152
9496,0.0022830844
9497,0.0027479357
9499,0.0028735101
9501,0.01568285
9506,0.038396325
9510,0.0076953596
9511,0.050731525
9518,0.0024075897
9520,0.09992531
9521,0.10686235
9523,0.0024531481
9528,0.106208615
9530,0.035339873
9531,0.006383247
9537,0.002547171
9538,0.001
9548,0.13370879
9551,0.035785343
9555,0.10226467
9564,0.0030741917
9570,0.0012135213
9571,0.0019276061
9573,0.10423207
9576,0.005810245
9580,0.023871928
9583,0.0019295252
9584,0.23207615
9587,0.021992706
9594,0.079491235
9596,0.04107924
9597,0.05433896
9604,0.0038255267
9605,0.027021095
9606,0.014563973
9612,0.10759778
9613,0.4357416
9616,0.0022476022
9621,0.0614237
9622,0.0015560108
9623,0.0028498743
9631,0.004938892
9640,0.0016581315
9644,0.25589445
9646,0.23570018
9651,0.033581853
9653,0.24488516
9663,0.14676711
9664,0.39776284
9667,0.37277678
9674,0.19914444
9679,0.40521997
9683,0.05864922
9685,0.38819528
9692,0.23889235
9693,0.30659667
9694,0.242376
9696,0.003906953
9697,0.0049472135
9698,0.0012365368
9704,0.0041148467
9706,0.15256655
9712,0.025568783
9717,0.17703705
9721,0.0014759268
9722,0.01978596
9725,0.10212085
9726,0.005459901
9730,0.021437792
9739,0.054740965
9742,0.08777251
9745,0.030086216
9747,0.002812336
9749,0.0043487055
9751,0.16349167
9758,0.0047853333
9760,0.26413724
9763,0.004179155
9767,0.22773072
9771,0.26524356
9776,0.0014059191
9777,0.0018512162
9779,0.001
9784,0.08959092
9788,0.0030167215
9791,0.0037762206
9793,0.020952456
9800,0.053272028
9801,0.034011
9804,0.029242039
9808,0.006856423
9809,0.17400526
9814,0.23894392
9817,0.4027645
9830,0.10531021
9833,0.024031535
9836,0.0725743
9845,0.0072223796
9850,0.056717586
9852,0.0049222023
9857,0.0019094625
9858,0.13130511
9859,0.003240533
9860,0.1258368
9861,0.19044714
9867,0.28202027
9870,0.05577877
9876,0.2807419
9879,0.48401344
9880,0.02866153
9881,0.2866797
9884,0.27208695
9886,0.22200385
9888,0.013864496
9894,0.0021242464
9899,0.18724225
9903,0.00877156
9904,0.16696876
9910,0.066096164
9917,0.009872842
9920,0.2774981
9924,0.014508849
9928,0.041412044
9932,0.46759054
9937,0.9776079
9938,0.015447967
9941,0.27687785
9942,0.42836586
9944,0.03666747
9945,0.43564475
9947,0.0536234
9951,0.26388457
9955,0.35907456
9956,0.23661712
9957,0.11999524
9960,0.31245404
9964,0.40402362
9965,0.44808173
9968,0.4026146
9969,0.2855579
9970,0.06490465
9971,0.2958825
9975,0.36473063
9976,0.51131797
9978,0.36455563
9980,0.36375237
9982,0.39382255
9984,0.03275641
9988,0.36580288
9991,0.38328123
9992,0.033526804
9995,0.026436752
10001,0.06356057
10002,0.08491115
10006,0.00790292
10009,0.0069777374
10014,0.38333124
10016,0.0031135755
10017,0.05206001
10018,0.53166556
10021,0.5051483
10023,0.07421503
10031,0.38796526
10035,0.53441304
10037,0.4217937
10039,0.0026786549
10040,0.3898916
10046,0.56059974
10053,0.02827076
10054,0.003243439
10055,0.029419128
10058,0.30499956
10062,0.3536841
10063,0.39927962
10066,0.534109
10071,0.003270622
10074,0.41056958
10080,0.47661594
10082,0.10521229
10085,0.03965605
10090,0.30889425
10094,0.0015116056
10096,0.54604274
10105,0.009945293
10107,0.3107326
10109,0.40069932
10110,0.010798174
10111,0.62981874
10112,0.20792422
10116,0.40064645
10120,0.01126175
10129,0.45590523
10130,0.06792878
10137,0.3484608
10138,0.023465311
10141,0.44576433
10144,0.45148608
10148,0.06079529
10153,0.011972577
10154,0.009555269
10155,0.28971103
10156,0.009555269
10157,0.53119063
10159,0.012812123
10164,0.009617687
10165,0.009731481
10166,0.022331286
10168,0.4107839
10169,0.5291435
10174,0.5291435
10177,0.012081739
10180,0.054221194
10184,0.2508794
10187,0.011459092
10195,0.032581296
10196,0.3490457
10204,0.03475544
10212,0.39211205
10213,0.47250754
10222,0.44175845
10227,0.03637156
10230,0.0036190639
10231,0.0036190639
10236,0.008773513
10238,0.02657952
10239,0.045713097
10242,0.012415995
10245,0.040428083
10246,0.36686194
10253,0.029556772
10257,0.4536891
10263,0.10656364
10266,0.28149852
10270,0.001467212
10273,0.010067564
10275,0.02547294
10279,0.47403604
10285,0.02844902
10290,0.28114218
10295,0.37160045
10300,0.33865786
10304,0.009699898
10305,0.37285447
10306,0.3109629
10315,0.38000277
10317,0.02479752
10321,0.26416856
10323,0.018579597
10333,0.42395455
10335,0.014279021
10339,0.009697672
10340,0.22084288
10342,0.35945353
10354,0.0071276287
10355,0.25759855
10358,0.21091428
10360,0.5120466
10363,0.42470738
10365,0.3496657
10368,0.3055043
10370,0.37199527
10376,0.07049292
10377,0.43255132
10384,0.2272927
10391,0.010770054
10392,0.010770054
10394,0.123018585
10395,0.17797723
10396,0.095335156
10397,0.21072982
10402,0.08742094
10406,0.24828885
10408,0.0054431716
10409,0.020800512
10418,0.45773864
10423,0.41157976
10424,0.35979417
10426,0.0066715376
10430,0.20850176
10432,0.002541591
10434,0.30555233
10439,0.011044095
10440,0.2829737
10441,0.13914685
10444,0.016910275
10447,0.33851057
10455,0.18846244
10456,0.003405911
10466,0.46989357
10467,0.15684259
10473,0.32194304
10477,0.54549843
10480,0.0015237594
10483,0.350369
10484,0.0024133483
10487,0.51033103
10488,0.36484608
10489,0.33480126
10493,0.02821061
10497,0.49944595
10498,0.3900276
10513,0.0379033
10514,0.3942779
10521,0.46251726
10522,0.23134702
10523,0.0058374307
10524,0.20920306
10528,0.54175645
10529,0.26815128
10532,0.28239834
10535,0.01398692
10538,0.3567511
10539,0.4594283
10547,0.0068088826
10550,0.3648389
10552,0.2734717
10554,0.24917041
10555,0.25793713
10556,0.13949512
10559,0.40172324
10560,0.019228758
10564,0.09059443
10567,0.41551358
10568,0.11994969
10578,0.010598908
10579,0.3263469
10583,0.29256058
10584,0.036130443
10588,0.006752623
10593,0.009693012
10595,0.009468775
10599,0.32886887
10602,0.014405132
10604,0.3273437
10611,0.3295635
10612,0.3848815
10618,0.35637018
10619,0.031918306
10621,0.093629025
10628,0.01893987
10632,0.48689875
10638,0.012861895
10640,0.02772115
10647,0.3846255
10650,0.29411876
10651,0.47502452
10652,0.074851446
10657,0.009458534
10660,0.32222274
10664,0.009921653
10672,0.3215155
10684,0.4104022
10687,0.009969653
10688,0.010806219
10694,0.4317444
10700,0.3743536
10701,0.38759765
10708,0.04351255
10710,0.0645609
10715,0.30748445
10724,0.004136403
10727,0.0022826272
10734,0.0244238
10735,0.0029701767
10741,0.54510117
10743,0.43021166
10745,0.48862314
10755,0.025701026
10763,0.40077984
10769,0.002280771
10771,0.03573925
10781,0.025944479
10785,0.25874758
10786,0.42795518
10787,0.01832121
10791,0.004681354
10792,0.5392027
10805,0.0050224317
10806,0.0075915335
10809,0.010998565
10810,0.2416373
10811,0.23942836
10815,0.12109923
10816,0.013371287
10817,0.28210637
10820,0.045536872
10824,0.06547307
10837,0.5603841
10841,0.27966112
10847,0.42144847
10848,0.029061094
10849,0.57222897
10854,0.5211981
10855,0.36770368
10857,0.6835662
10858,0.67211086
10863,0.41055608
10868,0.16113287
10870,0.23707862
10877,0.5651102
10878,0.7266918
10881,0.27461374
10886,0.252854
10887,0.09851466
10888,0.110814475
10889,0.0067435293
10890,0.4396624
10891,0.5666602
10892,0.4606761
10893,0.031912986
10895,0.47141746
10900,0.21110214
10902,0.22759455
10904,0.6058153
10906,0.044667702
10913,0.11581703
10914,0.3099173
10926,0.008170696
10930,0.29359055
10938,0.019486614
10943,0.04551283
10945,0.63323575
10947,0.54811984
10948,0.2269431
10951,0.76887286
10954,0.034756806
10955,0.01667395
10957,0.2135891
10961,0.019040922
10964,0.035935055
10965,0.033768628
10966,0.018116135
10972,0.002119842
10973,0.22165126
10974,0.63923657
10977,0.09307599
10981,0.24179175
10987,0.64489007
10993,0.009656882
10996,0.6570106
10999,0.039217092
11001,0.2228257
11004,0.2555888
11006,0.28224787
11007,0.5312629
11008,0.00756133
11009,0.5745366
11018,0.16423064
11020,0.4510582
11022,0.26401788
11032,0.45109996
11040,0.2570986
11049,0.43611303
11056,0.6276049
11057,0.5757677
11059,0.2900164
11063,0.48239544
11072,0.37460238
11080,0.033136502
11083,0.01067388
11085,0.010067878
11091,0.7259495
11092,0.5705284
11095,0.1591921
11105,0.27131015
11106,0.03841114
11113,0.54725486
11118,0.051972106
11119,0.7424426
11124,0.66242224
11129,0.07673818
11130,0.098276995
11132,0.4663341
11139,0.13213518
11140,0.11768406
11141,0.66987556
11146,0.3927515
11148,0.63218004
11149,0.4179197
11156,0.057709552
11158,0.028917737
11159,0.25075984
11160,0.34387696
11168,0.37371024
11172,0.04646723
11174,0.18573527
11179,0.5251171
11180,0.5555109
11182,0.48074055
11183,0.4142029
11187,0.5059314
11196,0.006863111
11198,0.02954761
11201,0.006802565
11210,0.01634475
11211,0.06124624
11212,0.03913677
11216,0.53087807
11217,0.83950174
11223,0.42365578
11224,0.762653
11226,0.029333606
11228,0.45939776
11233,0.06598146
11237,0.25679243
11242,0.68784237
11249,0.035915267
11250,0.036600433
11260,0.75937223
11261,0.7703511
11265,0.054561716
11270,0.04172884
11272,0.36825308
11277,0.64669865
11279,0.37481013
11281,0.026143584
11282,0.6492785
11283,0.16419855
11285,0.61337274
11287,0.58401436
11291,0.52722025
11293,0.06968221
11300,0.29528743
11301,0.043519862
11302,0.25574046
11306,0.67562276
11308,0.7013935
11315,0.09141713
11317,0.0056150584
11321,0.040917393
11328,0.008185804
11329,0.015546414
11332,0.14782116
11337,0.110741295
11349,0.066655725
11350,0.56912774
11352,0.35474104
11354,0.06960286
11355,0.09060108
11357,0.6910477
11361,0.41299543
11362,0.013221353
11365,0.09529239
11367,0.08143431
11370,0.15922207
11371,0.55780536
11373,0.6030998
11375,0.72952956
11380,0.6860681
11389,0.78834003
11391,0.6766765
11392,0.6572869
11393,0.015688835
11394,0.072274394
11396,0.069301374
11397,0.4476457
11398,0.7445312
11409,0.3441075
11413,0.22790144
11417,0.16684848
11423,0.5769673
11425,0.65054417
11438,0.39675197
11447,0.69695246
11448,0.44802186
11452,0.022290923
11455,0.008301783
11458,0.012027516
11461,0.0026269637
11472,0.09872083
11473,0.04509141
11476,0.16625668
11481,0.17388317
11486,0.122247614
11489,0.121691346
11492,0.13478757
11494,0.08603097
11498,0.1349554
11500,0.012555534
11501,0.16043036
11502,0.012378916
11506,0.23855573
11507,0.3430551
11510,0.03632748
11514,0.20979652
11516,0.26134515
11517,0.0034349372
11521,0.004410689
11522,0.013039022
11530,0.0025028263
11533,0.20638353
11534,0.1849989
11537,0.19252829
11538,0.04331815
11540,0.010041769
11541,0.35452306
11542,0.026636325
11548,0.031623665
11553,0.39147863
11554,0.028724175
11558,0.032064058
11565,0.020208655
11566,0.041432418
11576,0.33302397
11582,0.32485932
11586,0.3480953
11593,0.24268548
11595,0.024753781
11600,0.32778668
11601,0.33483407
11607,0.2079126
11609,0.0039764754
11610,0.120533444
11611,0.18170168
11613,0.3137935
11615,0.32177535
11616,0.3201926
11617,0.41460124
11624,0.348588
11631,0.26485085
11632,0.3650195
11633,0.34414634
11635,0.46505886
11638,0.45448092
11639,0.44119862
11641,0.4302811
11643,0.10668952
11644,0.21822953
11646,0.014020011
11648,0.34075028
11652,0.33873168
11654,0.39840975
11658,0.54136133
11659,0.6018645
11661,0.5340428
11663,0.47363022
11672,0.0029287837
11674,0.3081216
11678,0.097368754
11680,0.019651921
11689,0.13162756
11694,0.26211855
11699,0.4322703
11700,0.4235505
11701,0.58212715
11705,0.04522603
11706,0.49670967
11708,0.51781106
11709,0.5062998
11712,0.06874275
11715,0.47133473
11716,0.46363524
11721,0.33970013
11725,0.28096086
11730,0.18748237
11735,0.16115947
11737,0.016907446
11740,0.4410873
11743,0.41670296
11746,0.22869141
11749,0.40286744
11752,0.26441583
11755,0.3735691
11756,0.0026547962
11758,0.073587686
11759,0.23495722
11764,0.17883982
11765,0.29046834
11766,0.39588514
11768,0.032815393
11769,0.5206964
11770,0.3501424
11776,0.28060824
11782,0.36945653
11785,0.32543203
11786,0.34867415
11787,0.34867415
11791,0.17777334
11799,0.25652346
11802,0.2959062
11803,0.21134062
11806,0.25808087
11811,0.25196186
11818,0.24569339
11820,0.3061647
11825,0.22930191
11829,0.015917718
11832,0.23458047
11836,0.0019243208
11838,0.03982014
11855,0.23691659
11857,0.16800281
11860,0.21223202
11862,0.001151632
11864,0.15662387
11867,0.18513727
11868,0.0374627
11871,0.26215738
11872,0.34235555
11875,0.33609572
11877,0.31501132
11881,0.018985523
11882,0.27896172
11883,0.23311563
11888,0.3838838
11895,0.01601004
11909,0.34298602
11910,0.23338532
11915,0.2505883
11919,0.015469158
11921,0.010499609
11927,0.3814021
11930,0.35129508
11933,0.10701745
11935,0.025012536
11945,0.24004476
11947,0.14982145
11952,0.2734481
11953,0.010271723
11962,0.1444352
11967,0.26763058
11971,0.55278754
11972,0.6756382
11974,0.033120655
11975,0.5341706
11981,0.39957687
11986,0.008646835
11999,0.3982079
12001,0.37780803
12010,0.12004469
12016,0.2847419
12018,0.3133824
12019,0.3424095
12027,0.326998
12030,0.24760921
12033,0.21793664
12034,0.21788692
12035,0.24896711
12047,0.030945893
12050,0.061565634
12055,0.26719576
12065,0.011621048
12068,0.32377544
12072,0.0030321823
12076,0.0013379309
12080,0.19787689
12082,0.0025171787
12083,0.038060687
12085,0.4345636
12086,0.54524875
12087,0.5229349
12092,0.64076084
12094,0.4915005
12096,0.49732596
12101,0.0019915674
12103,0.010844259
12104,0.45843136
12106,0.2250806
12111,0.37302583
12113,0.32797652
12118,0.29849017
12120,0.26816592
12122,0.29234147
12127,0.12162766
12135,0.3226038
12137,0.32023844
12142,0.42121854
12143,0.005555122
12144,0.4381045
12148,0.5053715
12149,0.48236096
12150,0.5113355
12151,0.3701635
12152,0.40103614
12154,0.037318192
12155,0.0032340246
12160,0.29994377
12162,0.33665323
12165,0.50682086
12166,0.41924292
12170,0.49652457
12175,0.48579448
12177,0.59433675
12180,0.66966283
12181,0.44476587
12183,0.33929726
12184,0.26243782
12186,0.50078505
12187,0.32234693
12188,0.2763562
12189,0.35285676
12197,0.20818806
12200,0.014940635
12202,0.014004212
12206,0.34342504
12209,0.2427057
12212,0.30025792
12214,0.3047757
12219,0.4316142
12228,0.085679054
12233,0.2934615
12234,0.10336188
12235,0.30707115
12239,0.47049618
12241,0.30109876
12256,0.47133514
12260,0.5930537
12264,0.5134293
12267,0.45492512
12276,0.17429186
12279,0.530755
12285,0.2546255
12288,0.473549
12291,0.1957748
12292,0.25170645
12294,0.23001373
12296,0.24976034
12304,0.42568353
12306,0.0017350502
12308,0.0030911318
12309,0.13274793
12313,0.19178458
12314,0.30289775
12315,0.1597553
12321,0.21256794
12323,0.1958138
12326,0.3262796
12327,0.45354673
12331,0.40858793
12333,0.3076171
12336,0.30592024
12338,0.3302507
12339,0.30289775
12348,0.0059723137
12354,0.32973665
12358,0.3415354
12359,0.10823607
12363,0.3455875
12366,0.25156233
12368,0.2388657
12371,0.17202553
12373,0.38376027
12378,0.3455875
12381,0.3135001
12384,0.30531147
12394,0.3676281
12399,0.3335181
12401,0.3089419
12403,0.20652469
12404,0.010066648
12409,0.10905545
12411,0.2194102
12412,0.34459457
12416,0.2191524
12417,0.31605345
12419,0.20923664
12428,0.0048574656
12432,0.31501132
12433,0.31385237
12435,0.21036331
12436,0.18932128
12437,0.19084282
12440,0.008361197
12441,0.03399133
12444,0.18732974
12452,0.0602151
12460,0.0040594935
12468,0.1486618
12473,0.38018793
12475,0.33262002
12477,0.32177535
12478,0.08433182
12480,0.23768575
12487,0.25337094
12489,0.34736374
12494,0.13099237
12498,0.36730877
12499,0.016343094
12505,0.0031886615
12506,0.02189163
12508,0.04285333
12510,0.34116966
12512,0.20576364
12515,0.05743132
12516,0.08711444
12518,0.0260305
12527,0.020081155
12531,0.11270649
12532,0.08792683
12534,0.0014385114
12541,0.03819055
12542,0.029775387
12544,0.021251254
12546,0.022120306
12551,0.08587859
12552,0.024401253
12555,0.08048754
12556,0.06296783
12560,0.07737023
12561,0.08881732
12563,0.0018465179
12564,0.081266195
12569,0.0015077407
12572,0.03399287
12574,0.109760135
12576,0.054247882
12578,0.12430982
12580,0.07825577
12589,0.08174629
12591,0.22614592
12595,0.0026675127
12597,0.009003416
12598,0.07836092
12600,0.06548931
12601,0.016613396
12605,0.0039081746
12608,0.06759031
12612,0.050104372
12624,0.1502753
12627,0.0042240554
12629,0.03963439
12630,0.0019180631
12643,0.10577174
12644,0.18769327
12646,0.0031623046
12649,0.08013924
12650,0.001
12654,0.031159256
12658,0.24252203
12659,0.42537114
12660,0.001
12661,0.01705076
12667,0.0777081
12668,0.09043937
12674,0.06499585
12677,0.06708569
12683,0.05952658
12687,0.010521687
12697,0.21318765
12719,0.067561634
12721,0.048383858
12722,0.002754527
12727,0.0019004886
12728,0.03527165
12729,0.18197581
12730,0.16203307
12733,0.084757924
12735,0.23579739
12737,0.2901093
12738,0.29042688
12740,0.0014174451
12743,0.38238284
12744,0.2845861
12745,0.012803422
12746,0.0109021785
12748,0.24416235
12751,0.05126755
12759,0.13621376
12762,0.13089766
12764,0.23059943
12768,0.3545123
12774,0.2580699
12776,0.13020201
12777,0.15317747
12780,0.0010577651
12782,0.005995182
12789,0.05597351
12793,0.2738284
12806,0.15894851
12807,0.0449128
12808,0.36552376
12811,0.21628864
12819,0.30557972
12826,0.034435216
12831,0.35495037
12836,0.30086628
12837,0.001
12839,0.027667468
12843,0.14141436
12846,0.15496153
12851,0.36294997
12854,0.0010787694
12858,0.20266552
12859,0.31997958
12869,0.06599446
12873,0.009910118
12877,0.0013975179
12883,0.3090637
12889,0.17850456
12894,0.06877532
12897,0.011732027
12900,0.09392349
12901,0.08447188
12910,0.001750971
12913,0.007407686
12914,0.0029563466
12915,0.15330301
12917,0.001
12918,0.29798755
12920,0.08186656
12924,0.051966902
12935,0.014821125
12942,0.006320663
12946,0.4027645
12947,0.030875618
12955,0.007258585
12956,0.016267553
12961,0.001
12967,0.022601679
12978,0.6325753
12983,0.015252783
12998,0.41548875
12999,0.12742467
13009,0.008756242
13013,0.0034538698
13017,0.4179329
13019,0.43082485
13022,0.0013992831
13023,0.3417088
13024,0.16247776
13025,0.23000848
13031,0.0022840404
13033,0.023444626
13035,0.470932
13039,0.0031080362
13041,0.001
13043,0.36577994
13047,0.6555495
13050,0.21620181
13060,0.35743344
13067,0.44473916
13073,0.065030836
13079,0.16212553
13085,0.0016878077
13087,0.0149242785
13090,0.05985929
13091,0.0059859026
13096,0.4455512
13106,0.19823498
13110,0.09639538
13118,0.4378355
13122,0.010684258
13125,0.3765891
13126,0.49583912
13130,0.0015235521
13141,0.039443046
13144,0.58218247
13147,0.001
13157,0.082532614
13161,0.10328821
13163,0.018520247
13165,0.07565579
13169,0.07650176
13172,0.0016918555
13175,0.0032187265
13177,0.09433205
13178,0.012288846
13181,0.0064643016
13184,0.001
13188,0.24631569
13194,0.30980852
13200,0.10068922
13205,0.049435757
13210,0.0012719362
13213,0.028376352
13216,0.041330207
13217,0.19698614
13218,0.06876281
13220,0.2831754
13221,0.28545898
13225,0.052047256
13226,0.06389484
13229,0.052666992
13230,0.072309315
13232,0.18526869
13234,0.03546814
13240,0.002825684
13248,0.16541864
13251,0.2888623
13265,0.010092935
13267,0.2884661
13272,0.5196029
13274,0.4325367
13275,0.3796794
13278,0.61554575
13285,0.27266312
13288,0.3381764
13292,0.028099988
13305,0.102638334
13310,0.33680964
13313,0.012134262
13322,0.27958822
13326,0.18586648
13329,0.23888984
13332,0.038234495
13336,0.24666741
13337,0.24828751
13340,0.06401196
13344,0.23710597
13355,0.54198474
13356,0.0021475663
13359,0.28361687
13360,0.13566132
13361,0.001
13363,0.03526846
13364,0.24821098
13367,0.03834822
13374,0.0024069017
13377,0.004006674
13379,0.15719098
13380,0.62208223
13383,0.26435944
13386,0.27188736
13387,0.2732149
13400,0.27616566
13404,0.28347144
13413,0.037035212
13417,0.44521877
13419,0.43853346
13420,0.30110797
13421,0.17815186
13427,0.3558164
13428,0.31395006
13430,0.031445317
13433,0.03016974
13439,0.12091916
13441,0.110793
13452,0.07973284
13454,0.35727063
13456,0.15107745
13464,0.16280909
13472,0.055830717
13473,0.038079355
13476,0.09283525
13481,0.12729038
13482,0.6032186
13492,0.001974556
13501,0.0045612506
13503,0.0035547444
13504,0.06663494
13507,0.38131413
13509,0.121319994
13510,0.02950454
13512,0.024630196
13513,0.021777641
13516,0.568728
13519,0.52342534
13521,0.05067918
13523,0.51211655
13525,0.30130535
13535,0.3299445
13536,0.39756334
13539,0.1192513
13541,0.36291942
13543,0.0014558529
13544,0.29804304
13546,0.07192507
13547,0.36625692
13548,0.2507072
13554,0.007339689
13560,0.35023794
13566,0.25552574
13568,0.25552574
13570,0.02062313
13573,0.15799604
13576,0.18259501
13579,0.010073749
13580,0.061998166
13581,0.26400667
13589,0.0684643
13594,0.18361771
13598,0.19725175
13600,0.04198307
13603,0.001
13605,0.27158603
13607,0.22003148
13608,0.2537349
13609,0.2789547
13610,0.21373591
13614,0.29837996
13616,0.2553981
13618,0.26244256
13619,0.09489862
13620,0.22843559
13626,0.0092370175
13628,0.056681715
13629,0.2789547
13630,0.2553981
13632,0.2276218
13634,0.016995814
13642,0.38360432
13647,0.2220536
13648,0.28277656
13649,0.25991786
13651,0.19253239
13655,0.042677574
13657,0.2499441
13661,0.16627207
13663,0.08184755
13667,0.32848096
13670,0.21378586
13673,0.3027923
13681,0.16644838
13685,0.03960753
13686,0.24209486
13687,0.19156356
13695,0.038280506
13697,0.04604384
13698,0.013406712
13699,0.16302757
13700,0.016572539
13701,0.180936
13704,0.0024821456
13708,0.0676676
13710,0.24586768
13711,0.04361998
13716,0.27197883
13722,0.32050803
13725,0.29253095
13733,0.0012764004
13734,0.047417905
13738,0.06865277
13741,0.17733511
13743,0.17087035
13745,0.03458518
13748,0.057907432
13750,0.05008816
13756,0.14807118
13758,0.37918857
13761,0.49365544
13763,0.3950141
13764,0.24914832
13766,0.0016627919
13767,0.45892432
13769,0.22975631
13777,0.0875322
13780,0.33206663
13787,0.2944132
13789,0.38734263
13791,0.49636152
13793,0.40508425
13799,0.28805065
13805,0.2841567
13806,0.28037584
13810,0.2514599
13813,0.0059484774
13817,0.0068811113
13822,0.011524504
13824,0.29049054
13826,0.28804463
13831,0.20309766
13834,0.024164187
13837,0.111580715
13838,0.119508095
13839,0.11953639
13849,0.0024972444
13853,0.19454567
13856,0.009856429
13857,0.009856429
13858,0.18015613
13867,0.11071291
13868,0.17704341
13872,0.06677211
13874,0.12847878
13883,0.031753294
13884,0.09303616
13890,0.0915873
13892,0.041933864
13894,0.037468437
13898,0.010726283
13907,0.041440684
13910,0.31620696
13911,0.3298115
13914,0.48831192
13917,0.33474186
13919,0.08901021
13923,0.29300058
13932,0.12478083
13934,0.21353048
13935,0.5233948
13937,0.2968538
13938,0.31666368
13939,0.35345897
13940,0.025579764
13941,0.13521361
13942,0.35095903
13943,0.018858444
13945,0.4029508
13948,0.10373845
13949,0.16971324
13952,0.08278807
13953,0.0063102073
13954,0.027250117
13957,0.23735118
13958,0.056048114
13960,0.011153123
13966,0.052224167
13968,0.0032426838
13972,0.0014000728
13974,0.01238361
13978,0.007847182
13983,0.01722325
13987,0.045343857
13990,0.0139191765
13991,0.015661135
13992,0.018060695
13996,0.0044528525
13997,0.001
13999,0.07431727
14004,0.0032732282
14009,0.0018070466
14010,0.0017762688
14013,0.0025290463
14014,0.0025394473
14021,0.01080938
14026,0.0015603319
14027,0.0016883517
14029,0.010547463
14030,0.014131035
14031,0.0018650921
14034,0.0046547786
14036,0.4258821
14047,0.13130341
14051,0.48262048
14053,0.14443585
14054,0.42533767
14055,0.12687176
14057,0.14325655
14059,0.12638283
14061,0.025521625
14065,0.4296843
14073,0.19913177
14074,0.3654193
14079,0.47527745
14080,0.008316597
14081,0.15753888
14085,0.17581607
14086,0.14322072
14090,0.05359767
14093,0.04391025
14094,0.22435221
14098,0.0545318
14103,0.11940282
14111,0.13204834
14112,0.021215068
14117,0.32228407
14120,0.0535756
14121,0.022460984
14124,0.051262666
14125,0.13738044
14128,0.46963987
14134,0.13333964
14141,0.18624948
14143,0.23015998
14144,0.32677945
14147,0.17638655
14149,0.25786102
14155,0.054135688
14167,0.30477554
14168,0.3312619
14171,0.33435598
14175,0.1209673
14178,0.5128115
14179,0.49347445
14180,0.044642143
14184,0.14370582
14185,0.14370582
14187,0.5163635
14188,0.030151017
14189,0.028450442
14191,0.2783254
14195,0.26895568
14196,0.26895568
14201,0.06506884
14202,0.10917033
14207,0.045329247
14210,0.06608895
14213,0.08228539
14216,0.12218855
14219,0.16212434
14224,0.37304243
14233,0.14111619
14235,0.0030283518
14236,0.12837856
14245,0.21695194
14251,0.123348825
14253,0.11699809
14261,0.37385714
14265,0.42902038
14269,0.06439698
14272,0.5356789
14273,0.023882749
14277,0.021395208
14279,0.18438913
14281,0.21722916
14289,0.08210524
14290,0.3266874
14293,0.13521147
14295,0.19683254
14301,0.18858384
14306,0.1496522
14310,0.48270702
14318,0.12567285
14321,0.039306108
14322,0.04035576
14329,0.28120923
14332,0.27645344
14342,0.021825366
14344,0.09440481
14354,0.11222982
14355,0.018251957
14356,0.018251957
14358,0.06590601
14360,0.03943715
14369,0.0015596917
14371,0.1820591
14372,0.016816027
14379,0.0017654526
14384,0.06322199
14385,0.0076828003
14394,0.0040879957
14401,0.007799112
14405,0.009638941
14409,0.007437407
14413,0.008337367
14418,0.011117588
14425,0.018802052
14427,0.1803603
14437,0.0032177656
14439,0.0053199185
14440,0.093800515
14441,0.008871695
14443,0.40581483
14446,0.1216413
14447,0.0045951195
14456,0.011790832
14460,0.018341526
14465,0.01694898
14466,0.010807361
14469,0.0027489015
14470,0.054792866
14472,0.011693136
14475,0.0067492174
14477,0.007820572
14480,0.008311199
14485,0.0030782293
14486,0.0032714272
14487,0.0012668155
14488,0.0021263063
14492,0.011693136
14493,0.008195561
14495,0.009488877
14503,0.09387741
14505,0.004801443
14508,0.010877504
14511,0.0031867963
14512,0.018661305
14521,0.0066092038
14524,0.00761541
14529,0.0034899223
14532,0.0018106911
14533,0.0041342643
14536,0.0016714248
14539,0.21563855
14545,0.003320117
14550,0.07205401
14553,0.09253545
14561,0.60021377
14562,0.46518806
14567,0.52432686
14573,0.027885731
14574,0.008279828
14577,0.46263516
14578,0.48634517
14579,0.30139294
14582,0.45090908
14584,0.2891524
14586,0.5266929
14587,0.3701213
14588,0.47334495
14591,0.26169786
14600,0.002888383
14605,0.3436531
14606,0.008437238
14614,0.2101763
14617,0.17000178
14618,0.12158697
14619,0.026287828
14623,0.017300226
14625,0.020128591
14627,0.41028684
14630,0.33493355
14640,0.013950331
14641,0.21183187
14647,0.1731598
14648,0.013590272
14651,0.013641729
14656,0.001
14658,0.027883127
14675,0.12533146
14680,0.0013337827
14681,0.001
14684,0.0011224776
14685,0.001
14686,0.0010662611
14687,0.0754682
14691,0.052442487
14692,0.20128769
14693,0.32609186
14696,0.1668269
14706,0.20057784
14712,0.33725962
14713,0.09732907
14719,0.0036514197
14723,0.039185338
14741,0.083743274
14743,0.060519207
14744,0.0016005368
14746,0.001704573
14748,0.001
14752,0.0028751937
14754,0.0090844575
14755,0.010312675
14759,0.005228457
14761,0.0027047792
14764,0.2872406
14765,0.025355753
14772,0.016461026
14775,0.005907313
14776,0.016104113
14779,0.2827949
14780,0.014228471
14785,0.020312019
14788,0.018802052
14790,0.016606472
14791,0.0017970548
14794,0.002114061
14800,0.0040171617
14801,0.008409211
14803,0.048035268
14813,0.041859984
14818,0.01135151
14822,0.002494152
14823,0.0029348861
14835,0.0020935724
14836,0.083743274
14839,0.06532622
14851,0.001
14854,0.001
14859,0.0013403939
14861,0.0048377337
14864,0.0023105477
14865,0.0048377337
14866,0.048943426
14870,0.00664907
14871,0.02002263
14874,0.07904188
14877,0.0017942762
14880,0.001
14882,0.0019166662
14883,0.004517641
14889,0.0017729864
14892,0.001
14894,0.001623828
14896,0.001
14898,0.025729623
14902,0.003280258
14905,0.049866356
14908,0.0013636631
14912,0.0025941976
14916,0.008959366
14921,0.009865099
14922,0.008886504
14924,0.0013942629
14930,0.015940964
14934,0.061043005
14936,0.048484802
14938,0.0020253488
14941,0.009198326
14942,0.0015247675
14943,0.0072280127
14944,0.0072280127
14945,0.0072280127
14950,0.001
14951,0.003922501
14964,0.0011382392
14966,0.0016107301
14972,0.0140807545
14973,0.0019538612
14974,0.0019210131
14981,0.020399118
14982,0.007939609
14984,0.014515648
14985,0.002398857
14986,0.0021224925
14998,0.0020078467
15001,0.0020078467
15005,0.028753122
15011,0.004876139
15021,0.0013550377
15026,0.0038878268
15028,0.0054056207
15029,0.0049641337
15033,0.0024620313
15035,0.034044195
15040,0.0011249525
15043,0.003059374
15044,0.04924978
15047,0.0020564965
15051,0.032394283
15052,0.001
15059,0.13120332
15061,0.3076765
15072,0.40257376
15077,0.65873104
15079,0.67786545
15085,0.33326146
15087,0.7011041
15090,0.5632257
15100,0.5519386
15103,0.49154967
15105,0.066043586
15114,0.09149019
15122,0.15421392
15123,0.008694711
15125,0.021771997
15126,0.1432861
15128,0.124517344
15130,0.028665295
15134,0.7806595
15135,0.35545224
15139,0.28260475
15140,0.6963897
15142,0.24925987
15143,0.046786092
15145,0.08388525
15150,0.045983806
15154,0.33194146
15155,0.26399368
15158,0.56258214
15160,0.067196146
15164,0.053269066
15173,0.053056866
15182,0.027247079
15187,0.4661713
15196,0.048843287
15199,0.078374095
15208,0.07312456
15211,0.05473888
15212,0.062482063
15215,0.08180381
15220,0.07801754
15225,0.08406241
15226,0.6937515
15228,0.042771786
15231,0.044189487
15234,0.07526671
15245,0.040696844
15247,0.60187745
15251,0.636815
15260,0.79729575
15265,0.8275662
15267,0.6814127
15275,0.024625253
15278,0.019179258
15283,0.010583089
15285,0.045262076
15286,0.50301623
15287,0.015522328
15297,0.5104528
15298,0.062397026
15300,0.022595799
15302,0.03608766
15304,0.03916453
15306,0.6045861
15309,0.47494188
15310,0.05161919
15312,0.44500804
15316,0.04859757
15318,0.042220328
15322,0.32253012
15327,0.08409152
15330,0.5647506
15333,0.0780038
15335,0.09624103
15340,0.08232443
15345,0.06866807
15352,0.02696467
15361,0.037321292
15365,0.428766
15369,0.02793517
15372,0.10544458
15373,0.0030153955
15374,0.45971262
15379,0.08417491
15383,0.006101485
15384,0.13472591
15388,0.5487067
15389,0.52461773
15392,0.06780845
15405,0.8016995
15406,0.83278364
15409,0.7332813
15415,0.61382985
15417,0.62407494
15418,0.5629456
15419,0.57652706
15421,0.5797718
15425,0.03953819
15431,0.07198704
15433,0.4447653
15438,0.008062571
15442,0.34810433
15447,0.57193106
15451,0.46039647
15455,0.014584744
15456,0.008124559
15465,0.037980035
15466,0.01035046
15476,0.032507665
15485,0.69944936
15486,0.027589574
15493,0.53864264
15500,0.010022664
15503,0.030227039
15511,0.3476954
15512,0.034452923
15518,0.18586488
15524,0.033336323
15538,0.020201745
15541,0.3442952
15548,0.017881997
15549,0.019669378
15556,0.0150087485
15562,0.01821883
15567,0.027037974
15573,0.28917834
15584,0.016507441
15588,0.010318268
15590,0.0091912495
15592,0.397684
15612,0.019994915
15613,0.0069460417
15616,0.015978536
15626,0.0049389787
15628,0.057866745
15635,0.013677077
15637,0.014236519
15641,0.2775946
15656,0.009856905
15657,0.019048672
15658,0.011757874
15660,0.22842583
15665,0.2884458
15677,0.008632528
15679,0.015085842
15682,0.60913384
15696,0.026096025
15712,0.35168242
15714,0.40100732
15718,0.01143949
15725,0.19390857
15726,0.2044278
15729,0.5399706
15735,0.0081137875
15738,0.029949514
15739,0.26731417
15742,0.011403089
15745,0.32803065
15748,0.24307713
15751,0.09390332
15756,0.30870306
15757,0.30870306
15763,0.4154122
15764,0.55952513
15768,0.037754018
15769,0.047089763
15772,0.017546294
15779,0.097437024
15782,0.091005266
15784,0.01402568
15786,0.010406168
15790,0.09897973
15791,0.1059017
15792,0.02714476
15794,0.0019528219
15795,0.021142961
15807,0.010485232
15811,0.018069379
15814,0.0030616538
15817,0.005706034
15821,0.014824941
15822,0.0059788134
15824,0.044457052
15846,0.013064002
15854,0.0049956413
15855,0.21622375
15856,0.010700202
15860,0.008625283
15863,0.005101403
15873,0.023094557
15874,0.0031740796
15887,0.002518277
15895,0.22823854
15898,0.0027238205
15899,0.001831975
15901,0.37878454
15903,0.021689733
15907,0.24482581
15909,0.043982126
15911,0.018616792
15912,0.12535259
15917,0.014611104
15920,0.0036962198
15922,0.0048788777
15930,0.0075612194
15931,0.08423427
15933,0.3431428
15934,0.010443943
15938,0.0049641575
15939,0.015016159
15940,0.12284334
15942,0.011816984
15944,0.27534682
15945,0.012258509
15949,0.043486826
15955,0.011968218
15957,0.005215084
15960,0.014851875
15964,0.08423427
15969,0.5110199
15974,0.8102184
15975,0.6540149
15985,0.08091958
15994,0.016542895
15996,0.6434053
15998,0.22213942
16003,0.68857646
16010,0.5792378
16012,0.6084936
16018,0.57757324
16020,0.7744946
16028,0.41832352
16031,0.461461
16032,0.4386838
16033,0.3698556
16043,0.56953245
16060,0.65746164
16061,0.6493153
16063,0.3016728
16064,0.303158
16066,0.4337693
16067,0.29072312
16068,0.32846716
16072,0.56288564
16084,0.47764915
16085,0.056123186
16089,0.5109
16092,0.6782956
16093,0.8167433
16095,0.06363516
16096,0.64185166
16097,0.10528402
16098,0.398673
16099,0.2860918
16102,0.4039846
16107,0.26589316
16110,0.05819461
16113,0.076905094
16125,0.43375516
16130,0.5164033
16132,0.43471935
16133,0.0030302801
16135,0.58496547
16137,0.40781376
16139,0.5394724
16142,0.40350503
16147,0.3395101
16150,0.4968768
16151,0.54270726
16152,0.63852626
16154,0.5358464
16155,0.41652894
16156,0.5526789
16158,0.50379914
16161,0.42295045
16165,0.4373062
16168,0.47593242
16170,0.6326047
16172,0.49120542
16175,0.7910386
16176,0.652156
16179,0.33421794
16181,0.5553493
16185,0.39034763
16187,0.40855905
16189,0.3634432
16197,0.5203465
16199,0.005468777
16205,0.013878349
16207,0.60568017
16210,0.6135044
16214,0.0069274693
16215,0.058586936
16219,0.25664058
16220,0.41164503
16227,0.44181654
16229,0.05316554
16231,0.22787073
16235,0.27208972
16236,0.25345233
16237,0.285507
16239,0.27868503
16243,0.2903704
16245,0.28400183
16247,0.43684506
16248,0.06281319
16259,0.26326653
16266,0.40428454
16269,0.51667964
16272,0.39636108
16275,0.37503496
16278,0.19388829
16281,0.0011452711
16282,0.10123652
16283,0.024657663
16286,0.31610614
16288,0.103563085
16292,0.26758987
16294,0.25786307
16300,0.01145049
16303,0.08764306
16306,0.09548972
16309,0.11861799
16312,0.001
16316,0.097847335
16320,0.009943068
16327,0.48960316
16329,0.28302324
16331,0.49718672
16335,0.34035856
16338,0.69743854
16347,0.018379468
16348,0.018379468
16353,0.14282359
16355,0.04264859
16361,0.47729334
16365,0.32290828
16367,0.3299527
16369,0.12699972
16372,0.12863635
16376,0.24177773
16382,0.27389023
16383,0.20229112
16387,0.22851898
16390,0.08547507
16393,0.24398454
16394,0.028362945
16411,0.61165005
16413,0.68201
16414,0.7153195
16420,0.825713
16421,0.7195987
16445,0.58023226
16449,0.4549341
16451,0.43792173
16452,0.38265803
16453,0.44658262
16454,0.47050387
16456,0.36334926
16459,0.38093585
16464,0.17976086
16471,0.65406036
16477,0.28912088
16480,0.2951774
16490,0.61500746
16494,0.4502237
16496,0.41929406
16497,0.0011764539
16500,0.5751199
16503,0.3993124
16504,0.0053457683
16508,0.55921966
16513,0.67034924
16517,0.08456513
16519,0.7553911
16521,0.7250223
16522,0.03954855
16524,0.5349741
16528,0.011639212
16530,0.5092336
16534,0.49832502
16536,0.45253173
16549,0.089402646
16550,0.3758157
16552,0.3862703
16554,0.43533564
16563,0.43985912
16564,0.46412086
16570,0.46808535
16575,0.53193676
16579,0.009889973
16580,0.50968534
16583,0.5557321
16586,0.24654794
16594,0.48706955
16595,0.53651726
16596,0.6083096
16597,0.69335216
16609,0.23162748
16611,0.36839002
16615,0.35500395
16619,0.34307936
16625,0.05679792
16628,0.096703045
16630,0.06545268
16633,0.069873296
16640,0.55983496
16641,0.55983496
16644,0.53700006
16646,0.080213234
16652,0.4315973
16654,0.56441844
16655,0.48715135
16658,0.4928584
16661,0.43537062
16662,0.518173
16665,0.49697104
16670,0.08587136
16672,0.58882326
16673,0.521317
16676,0.013584265
16677,0.5979189
16679,0.43106058
16684,0.21549636
16685,0.110752024
16691,0.6476817
16699,0.33217227
16705,0.36409765
16713,0.27603036
16722,0.5242649
16726,0.3474052
16727,0.3554363
16729,0.42405394
16730,0.39691114
16731,0.30072325
16732,0.570123
16733,0.13679954
16736,0.6847568
16737,0.28508818
16739,0.39391646
16742,0.11334272
16744,0.11212114
16745,0.081808254
16753,0.18775539
16756,0.15754241
16781,0.052762304
16782,0.04456739
16788,0.08750369
16789,0.06564785
16791,0.3103882
16792,0.33658952
16799,0.11201164
16801,0.3033006
16803,0.49774253
16810,0.39303032
16812,0.5107437
16814,0.27538958
16815,0.33232835
16816,0.33232835
16819,0.41907093
16823,0.08949312
16824,0.6433531
16825,0.052417222
16834,0.25995168
16838,0.237802
16839,0.114541866
16842,0.42081505
16845,0.019541377
16846,0.34110355
16851,0.6789279
16852,0.48062044
16859,0.062169254
16863,0.18554497
16864,0.11696009
16869,0.0032437597
16871,0.049023606
16877,0.008993742
16883,0.25229868
16897,0.20947406
16900,0.36022598
16901,0.17828281
16905,0.0035447832
16907,0.48250544
16910,0.0015713404
16912,0.0052915444
16924,0.35902017
16925,0.28004915
16926,0.2990477
16927,0.2810488
16930,0.06608759
16941,0.5250666
16942,0.3368993
16957,0.24633892
16958,0.031593125
16959,0.004314332
16964,0.0044539054
16970,0.36804932
16971,0.33197722
16972,0.40511072
16973,0.3086509
16978,0.01289194
16979,0.40476343
16980,0.25405926
16984,0.03770677
16985,0.27276856
16987,0.0010053933
16988,0.0758759
16992,0.007870829
17006,0.0673873
17008,0.2670577
17013,0.38158607
17016,0.5704647
17017,0.09182951
17020,0.3034733
17021,0.005870292
17022,0.37298378
17027,0.48258176
17028,0.260469
17033,0.34983605
17035,0.083558805
17040,0.116659895
17043,0.45339847
17044,0.2559889
17048,0.26884934
17051,0.50289863
17056,0.4797602
17062,0.6554607
17068,0.58775365
17073,0.70020103
17076,0.017278975
17080,0.24237123
17081,0.24237123
17082,0.24237123
17083,0.5483722
17086,0.55173576
17087,0.45623994
17090,0.20458423
17092,0.31263044
17093,0.47259423
17095,0.07651606
17099,0.13327168
17100,0.16955346
17103,0.23270093
17105,0.2577022
17106,0.22052172
17107,0.3484264
17109,0.22404698
17112,0.48059672
17115,0.5882674
17116,0.47381756
17117,0.42396444
17119,0.04964682
17120,0.34257835
17123,0.23763546
17134,0.35249528
17136,0.06576872
17138,0.3341736
17139,0.30566242
17141,0.2606624
17143,0.26308078
17145,0.13455507
17148,0.09558963
17149,0.13785842
17153,0.20277452
17160,0.040640835
17161,0.1238571
17164,0.31210804
17167,0.0743215
17169,0.7428749
17171,0.36053568
17183,0.20074576
17196,0.011304168
17200,0.045086972
17201,0.29106653
17202,0.2690226
17205,0.30234104
17206,0.2825183
17210,0.31862554
17211,0.43295294
17219,0.6141038
17226,0.67848486
17228,0.5251246
17232,0.008691658
17235,0.3016817
17236,0.7942532
17237,0.35428372
17239,0.15832789
17241,0.016122883
17243,0.010094621
17244,0.4185578
17248,0.49222907
17252,0.5496554
17253,0.59448916
17256,0.6573139
17257,0.75191116
17262,0.29144624
17265,0.0075905775
17268,0.14053118
17270,0.337975
17274,0.61552507
17279,0.28867468
17281,0.111013524
17287,0.33995354
17288,0.34643382
17289,0.34643382
17291,0.47581834
17296,0.20755485
17298,0.080571555
17300,0.72388464
17302,0.6340891
17311,0.7597473
17312,0.6563127
17315,0.69800454
17317,0.80507773
17319,0.66976434
17321,0.6752652
17323,0.6201482
17325,0.76606184
17327,0.6807431
17329,0.7129788
17337,0.74521494
17343,0.7561434
17349,0.6782209
17353,0.57730854
17355,0.71423566
17360,0.34719056
17365,0.59263736
17367,0.7875357
17368,0.67178154
17370,0.7358494
17371,0.021420468
17374,0.40180838
17378,0.39772263
17386,0.35918072
17391,0.47349277
17411,0.69872123
17412,0.76263684
17413,0.7111828
17415,0.4152949
17418,0.6374285
17423,0.6201534
17426,0.7637892
17432,0.6756995
17440,0.79323286
17442,0.80538124
17453,0.70857716
17455,0.6540219
17459,0.5150965
17463,0.50183207
17470,0.71887916
17471,0.5015321
17475,0.5222779
17476,0.60833824
17478,0.4866859
17479,0.6261421
17482,0.5331837
17483,0.65127015
17493,0.41975302
17494,0.47989497
17496,0.5434995
17499,0.33421296
17501,0.44093257
17504,0.42797744
17508,0.013448377
17509,0.2692292
17513,0.46303424
17514,0.44961965
17518,0.11738022
17519,0.04177015
17521,0.5782255
17532,0.17672928
17536,0.09137074
17549,0.3284509
17551,0.43994254
17554,0.4447768
17555,0.5016693
17558,0.45157203
17560,0.2801139
17561,0.4570899
17564,0.3899717
17567,0.001
17572,0.009341348
17573,0.7583926
17575,0.3232122
17588,0.09591119
17589,0.28993478
17590,0.595925
17599,0.5011344
17600,0.29393482
17604,0.39937785
17607,0.4943966
17609,0.20756553
17614,0.09910616
17618,0.63242066
17619,0.47673902
17630,0.4543889
17642,0.46749017
17644,0.029849414
17646,0.4819198
17647,0.37605083
17648,0.51029086
17649,0.4021584
17653,0.45094138
17655,0.37967673
17658,0.46412086
17661,0.4868833
17666,0.33020875
17668,0.13028198
17670,0.10672323
17671,0.17477861
17672,0.4869308
17673,0.6093741
17679,0.67202634
17680,0.76832557
17685,0.57242656
17687,0.61456484
17689,0.5840219
17690,0.1399283
17694,0.6292601
17699,0.93596876
17700,0.22939476
17705,0.096986964
17710,0.47627562
17711,0.32022864
17716,0.31289536
17735,0.3314472
17737,0.3314472
17738,0.336331
17739,0.3472975
17741,0.38666356
17745,0.85260946
17747,0.52179635
17755,0.21165872
17756,0.013939505
17758,0.19378744
17761,0.2501248
17763,0.009885623
17776,0.17490731
17777,0.23355204
17779,0.290007
17783,0.299714
17784,0.01618707
17788,0.027199918
17793,0.4522286
17796,0.3897133
17805,0.5307665
17807,0.52876115
17811,0.33651462
17812,0.30160537
17815,0.38441178
17817,0.5526749
17820,0.49995095
17821,0.41951767
17825,0.38194486
17826,0.30082732
17832,0.067945264
17833,0.43453088
17835,0.0021209538
17840,0.28006276
17845,0.35560918
17846,0.3776201
17858,0.26703736
17865,0.16149418
17873,0.60425574
17876,0.39391953
17877,0.53459567
17878,0.5626525
17879,0.46758324
17885,0.54627144
17889,0.6785248
17890,0.52636135
17892,0.6848235
17899,0.41909683
17901,0.6556587
17902,0.38820362
17905,0.3979757
17906,0.2395219
17912,0.3707607
17914,0.34081346
17922,0.50385416
17931,0.46827793
17932,0.5541141
17933,0.6194221
17938,0.21984509
17940,0.4405313
17946,0.3437938
17947,0.37905264
17948,0.54967403
17955,0.60691094
17956,0.5576015
17957,0.52149856
17964,0.36867335
17965,0.45862433
17972,0.39963374
17984,0.38040096
17985,0.35791674
17986,0.5155095
17988,0.035992976
17998,0.49787605
18000,0.4772298
18004,0.50027376
18006,0.46635354
18012,0.5253683
18014,0.38385317
18018,0.4432297
18020,0.47716987
18022,0.46531564
18023,0.45978266
18024,0.45265678
18025,0.0056211185
18028,0.48947114
18030,0.461523
18035,0.20409724
18038,0.26518396
18042,0.5810124
18044,0.22546989
18047,0.041585412
18049,0.32980716
18052,0.011378802
18057,0.5559766
18066,0.5273897
18071,0.21578018
18073,0.6905056
18075,0.2814279
18080,0.7565216
18081,0.029379172
18086,0.5817527
18090,0.6658725
18091,0.69407815
18099,0.58197916
18102,0.6186864
18105,0.6149095
18110,0.62879425
18113,0.5675388
18120,0.042125113
18122,0.2744415
18123,0.6936944
18127,0.53789914
18128,0.62796116
18133,0.25576866
18139,0.6589461
18140,0.552459
18142,0.28498766
18145,0.19533315
18146,0.4756904
18151,0.23226383
18154,0.12902316
18156,0.27118823
18157,0.1933023
18158,0.008170255
18160,0.52386373
18167,0.28211018
18169,0.33446577
18170,0.5316863
18175,0.2490069
18177,0.20036553
18178,0.5053795
18181,0.59259474
18183,0.26704386
18193,0.48084927
18195,0.62942165
18202,0.72980106
18204,0.6619112
18205,0.71888554
18206,0.56518596
18216,0.15916175
18220,0.3771106
18223,0.0011168906
18225,0.63781726
18228,0.004357077
18230,0.057478797
18232,0.3567866
18233,0.52342767
18246,0.14335184
18255,0.63872045
18256,0.6669336
18261,0.0037882207
18263,0.70450425
18264,0.027277337
18273,0.243078
18274,0.62493885
18277,0.64724654
18281,0.20091246
18282,0.2510013
18287,0.3708053
18288,0.40350413
18295,0.20329303
18304,0.586622
18305,0.49461067
18306,0.31990048
18310,0.6499517
18311,0.5661178
18312,0.5470747
18315,0.4085105
18316,0.23300669
18318,0.2375326
18325,0.41963476
18333,0.37516975
18335,0.37356797
18339,0.41765213
18343,0.004174278
18348,0.5808116
18349,0.4314618
18362,0.43679464
18370,0.4667589
18376,0.5661594
18377,0.7321738
18394,0.62119514
18398,0.03612261
18399,0.013873736
18403,0.06798313
18405,0.062273316
18409,0.2203745
18412,0.377258
18414,0.6063135
18415,0.44690704
18422,0.58521134
18427,0.47184482
18428,0.34137475
18429,0.40554848
18434,0.70041114
18435,0.29444164
18439,0.63235915
18442,0.0028348134
18445,0.21029846
18446,0.3334765
18450,0.07665818
18457,0.22762817
18459,0.3784455
18460,0.4512105
18462,0.33584228
18464,0.31991935
18467,0.04401197
18481,0.090765566
18484,0.2839263
18485,0.32041836
18487,0.33311728
18488,0.32041836
18489,0.33284596
18491,0.30628875
18492,0.3706293
18494,0.5399615
18496,0.4902152
18497,0.0578528
18499,0.61542445
18500,0.5011769
18503,0.21726881
18506,0.028840132
18507,0.73817754
18514,0.2833136
18515,0.409173
18516,0.40995532
18519,0.43769845
18521,0.39695796
18523,0.4250978
18525,0.35177773
18527,0.4308574
18530,0.024652228
18541,0.6990126
18543,0.32418427
18544,0.58610487
18545,0.50547487
18546,0.519579
18547,0.08903883
18551,0.4308574
18556,0.36986983
18558,0.4507449
18559,0.71093595
18564,0.6740763
18566,0.74074394
18567,0.75077254
18571,0.8129256
18572,0.71398073
18587,0.58731824
18588,0.6256423
18590,0.44616553
18591,0.30685532
18592,0.24140725
18594,0.6760283
18595,0.16133617
18596,0.63669515
18606,0.45037475
18608,0.5412671
18609,0.6117763
18616,0.5162059
18626,0.65957683
18628,0.6633858
18629,0.57252103
18630,0.6280548
18639,0.13880008
18640,0.69172233
18641,0.16313832
18642,0.23264936
18643,0.38166595
18644,0.27807668
18649,0.28490943
18653,0.3954198
18659,0.1700014
18664,0.7147535
18665,0.6367077
18667,0.7354275
18681,0.7645854
18685,0.7645854
18687,0.7747698
18688,0.8036506
18696,0.008542517
18697,0.6582126
18699,0.30158347
18700,0.2918962
18706,0.323991
18707,0.2621086
18710,0.23453918
18713,0.0016998734
18715,0.314333
18725,0.67115486
18730,0.6875299
18735,0.3160552
18737,0.041051038
18739,0.55106956
18751,0.64861006
18753,0.6422309
18761,0.6826263
18762,0.6001137
18764,0.6813364
18768,0.6753797
18770,0.5852304
18777,0.5580414
18782,0.7851467
18785,0.7203615
18789,0.7395524
18790,0.67277133
18803,0.6052345
18809,0.57023686
18812,0.40546963
18815,0.39542308
18817,0.5462164
18819,0.55598474
18827,0.01818413
18828,0.40166292
18829,0.557308
18830,0.63036996
18831,0.39446753
18832,0.63181704
18833,0.66042954
18841,0.23882781
18843,0.39599234
18845,0.08940021
18847,0.13822763
18855,0.59525
18858,0.6720899
18859,0.76337445
18862,0.23971368
18867,0.7496447
18873,0.6483286
18876,0.70292974
18878,0.64765805
18883,0.6451802
18885,0.60012966
18889,0.3810481
18891,0.004827355
18892,0.65550864
18893,0.7094937
18895,0.6579077
18908,0.17338668
18909,0.69426626
18910,0.69426626
18914,0.23869959
18916,0.060459998
18917,0.044515222
18918,0.5951589
18919,0.33702573
18921,0.6661776
18923,0.100533254
18926,0.71082443
18928,0.60552996
18931,0.6051831
18939,0.41674307
18940,0.1521939
18944,0.58998626
18948,0.50004196
18951,0.5689327
18954,0.5403325
18957,0.47648966
18958,0.57092965
18959,0.49749297
18961,0.3288715
18972,0.31886846
18973,0.5540961
18979,0.5133518
18987,0.3493271
18991,0.7692146
18993,0.68212503
18997,0.7066153
19002,0.6971771
19008,0.71416354
19013,0.3850161
19019,0.01545625
19023,0.6375139
19029,0.5168887
19044,0.036219057
19051,0.074710935
19053,0.036219057
19060,0.6408558
19062,0.6492307
19068,0.61154747
19071,0.5410884
19073,0.5410884
19082,0.02502349
19090,0.5965983
19091,0.41016534
19095,0.6020891
19096,0.049936205
19098,0.4894049
19099,0.68056613
19102,0.6893584
19103,0.5616126
19104,0.033810504
19110,0.6875732
19121,0.6888692
19123,0.60518104
19133,0.68212503
19135,0.5758809
19137,0.7289371
19138,0.6571889
19140,0.6099319
19143,0.57075673
19146,0.8195309
19149,0.69262207
19150,0.70636356
19152,0.07402185
19155,0.6735096
19160,0.5758318
19161,0.64443064
19163,0.6181435
19164,0.6136105
19166,0.6953842
19167,0.6623918
19168,0.572642
19178,0.038479775
19182,0.72371453
19184,0.7096298
19195,0.6443421
19196,0.64577585
19198,0.6045434
19204,0.37990582
19205,0.16839913
19207,0.40779927
19208,0.5520966
19218,0.41919607
19219,0.683141
19235,0.7551705
19236,0.7631549
19238,0.23576418
19239,0.40050852
19248,0.71216613
19250,0.061221063
19251,0.54759127
19257,0.48496553
19263,0.3956308
19267,0.69945353
19270,0.5587935
19271,0.5587935
19287,0.6485277
19291,0.618788
19293,0.41586033
19294,0.41586033
19295,0.015900385
19299,0.042589515
19306,0.74686617
19308,0.6300267
19318,0.5339339
19324,0.66930175
19331,0.0010526222
19335,0.72442085
19336,0.7678757
19343,0.6879168
19346,0.0031112926
19350,0.6574198
19353,0.6413658
19354,0.64049315
19355,0.64444965
19357,0.12454938
19358,0.5728613
19359,0.5733185
19365,0.6485051
19368,0.3423116
19369,0.64656276
19370,0.2942835
19373,0.54446507
19383,0.77979666
19389,0.31750318
19395,0.8307803
19396,0.6308752
19397,0.8108074
19401,0.01481992
19406,0.7258177
19407,0.55254006
19409,0.5310786
19410,0.52765304
19411,0.509121
19412,0.4819009
19415,0.6085134
19420,0.5359
19428,0.57002926
19429,0.27643895
19433,0.2377411
19439,0.21557558
19440,0.5221663
19443,0.82265
19448,0.8047369
19451,0.0075012604
19452,0.68926144
19453,0.62299997
19465,0.37716243
19466,0.37616825
19473,0.7590003
19475,0.74407077
19479,0.54730815
19480,0.5376905
19481,0.7346649
19491,0.07747027
19495,0.518111
19497,0.6116199
19498,0.7063265
19499,0.73280317
19504,0.6549651
19507,0.34853116
19508,0.6486611
19512,0.5521543
19513,0.64626837
19516,0.64605004
19517,0.6790251
19525,0.6916437
19527,0.589375
19532,0.0039286413
19534,0.45648998
19538,0.42028594
19540,0.69716555
19543,0.41286558
19546,0.27040717
19551,0.6647491
19554,0.35103032
19557,0.6183469
19560,0.5057397
19565,0.66773844
19566,0.51697296
19568,0.07469091
19569,0.011241417
19574,0.7117444
19579,0.72448504
19580,0.5819198
19584,0.7373421
19594,0.6262311
19602,0.7116692
19614,0.70632535
19616,0.7653639
19622,0.76032454
19623,0.6220143
19624,0.7178469
19625,0.38380852
19626,0.7340316
19627,0.08126686
19628,0.45256764
19630,0.33685282
19631,0.06350778
19632,0.052450057
19634,0.23052324
19638,0.06611309
19639,0.45000654
19641,0.080219194
19644,0.43892893
19649,0.8045851
19651,0.8193292
19652,0.75610906
19661,0.615401
19665,0.37300524
19673,0.65514666
19675,0.73066914
19678,0.8841251
19682,0.73398954
19685,0.40492204
19689,0.5035652
19691,0.5209243
19692,0.39911956
19701,0.2324825
19704,0.78186435
19706,0.810497
19709,0.6454544
19714,0.4777996
19718,0.6825707
19722,0.6991182
19724,0.26869795
19726,0.22451097
19727,0.33722988
19728,0.3571929
19729,0.74374795
19730,0.6772139
19733,0.6217471
19734,0.64992326
19735,0.6152881
19742,0.658085
19744,0.4801852
19753,0.7844556
19758,0.74880075
19763,0.66936994
19764,0.6047643
19769,0.583047
19770,0.68582666
19775,0.64553285
19776,0.7065576
19778,0.6824912
19780,0.5430524
19785,0.30640402
19789,0.7489656
19795,0.015326181
19796,0.009744931
19800,0.69649965
19804,0.71910197
19820,0.54825616
19821,0.64088696
19823,0.38642144
19825,0.7931798
19828,0.7708839
19829,0.80718786
19837,0.3593051
19841,0.23605555
19850,0.20646316
19851,0.2013517
19853,0.54040515
19856,0.3049801
19859,0.23417439
19861,0.24663022
19863,0.15487815
19865,0.0019183116
19880,0.05879128
19884,0.04733463
19885,0.31828547
19886,0.5074772
19887,0.19802201
19889,0.07138204
19891,0.03336564
19892,0.080354385
19893,0.010884561
19896,0.21335778
19901,0.168663
19904,0.17157604
19905,0.21104945
19915,0.32297847
19917,0.47757435
19919,0.59424347
19922,0.58803105
19924,0.46285927
19926,0.52140313
19930,0.2347391
19933,0.19362906
19935,0.100890845
19937,0.1508052
19941,0.0038449832
19952,0.5806494
19953,0.74984425
19955,0.79365593
19962,0.798734
19968,0.69919664
19978,0.25151235
19987,0.63642156
19989,0.62880534
19991,0.7684064
19992,0.7697274
19994,0.8016492
19995,0.67870885
19998,0.77364916
20001,0.13294102
20002,0.8773626
20007,0.65704995
20010,0.86563677
20016,0.35419062
20020,0.3381619
20026,0.617958
20031,0.6824794
20035,0.6073408
20037,0.7643989
20038,0.7530634
20043,0.7221302
20046,0.5584662
20047,0.30389774
20049,0.83994204
20050,0.6756877
20052,0.37673864
20062,0.79983014
20070,0.6966729
20072,0.68822736
20079,0.66925526
20084,0.5549623
20087,0.7063753
20092,0.085810184
20093,0.0895974
20096,0.6224065
20099,0.0053180717
20110,0.1336251
20112,0.14252694
20114,0.54950744
20121,0.77830464
20126,0.88540137
20132,0.12807104
20136,0.6094558
20139,0.5485856
20143,0.541546
20146,0.5803654
20149,0.03195245
20152,0.024168938
20156,0.6214796
20158,0.50727266
20163,0.16684915
20166,0.457563
20170,0.42536828
20172,0.47350666
20180,0.87724674
20181,0.8411152
20190,0.63828576
20193,0.48245794
20194,0.84781337
20197,0.27310386
20198,0.48345208
20200,0.03507389
20203,0.49987724
20204,0.55919164
20205,0.01930643
20213,0.88371843
20214,0.14129534
20216,0.75838894
20217,0.8937234
20218,0.8120357
20223,0.7709109
20226,0.5018268
20228,0.7272592
20230,0.79098994
20232,0.4731899
20234,0.25801072
20239,0.4482853
20241,0.46757898
20242,0.8170053
20244,0.71713173
20246,0.46014747
20247,0.051927816
20248,0.4800542
20249,0.61719704
20250,0.4403522
20255,0.79516244
20260,0.064524926
20265,0.59758043
20267,0.66753215
20270,0.78465486
20272,0.6441989
20273,0.75827634
20274,0.0331997
20278,0.6503017
20282,0.051740076
20285,0.48030624
20289,0.7092038
20291,0.014615676
20296,0.17734542
20298,0.01871618
20299,0.6419482
20301,0.014437915
20305,0.47126684
20310,0.34573343
20311,0.50599086
20312,0.8681335
20316,0.8593761
20324,0.07584219
20330,0.8367602
20337,0.34061417
20338,0.66167754
20339,0.6602127
20344,0.4446966
20349,0.61060596
20350,0.6190173
20352,0.56215537
20355,0.8629258
20359,0.85262686
20361,0.7732361
20363,0.7133548
20367,0.76743275
20368,0.67588145
20373,0.47390854
20376,0.5914119
20378,0.009292121
20379,0.50941074
20381,0.86574835
20382,0.35395324
20386,0.4713596
20387,0.0072327326
20388,0.0943031
20389,0.5688551
20392,0.4783031
20403,0.80449176
20406,0.49378285
20413,0.8660537
20419,0.21206252
20420,0.5224332
20422,0.397967
20427,0.43734095
20436,0.09013967
20437,0.08987361
20438,0.10359815
20441,0.872833
20442,0.14062014
20446,0.54864675
20447,0.009062297
20448,0.49934795
20450,0.56498295
20453,0.49202287
20458,0.57588196
20469,0.28963336
20474,0.09808297
20476,0.4427677
20480,0.63725716
20486,0.7198877
20489,0.6498312
20494,0.59528655
20495,0.39176723
20497,0.10568714
20499,0.46755344
20507,0.5132416
20509,0.5213712
20511,0.7640184
20513,0.5867738
20515,0.50506926
20519,0.783583
20522,0.75006413
20531,0.03395531
20534,0.39679474
20535,0.7311776
20546,0.42855266
20548,0.38586375
20553,0.4946616
20554,0.016322969
20556,0.57076985
20562,0.6716111
20566,0.37710568
20570,0.6645811
20577,0.76600426
20582,0.011021437
20585,0.824923
20586,0.5625187
20588,0.74020857
20589,0.884343
20600,0.33856776
20601,0.5536934
20607,0.48679087
20609,0.34060144
20622,0.82646286
20627,0.48718825
20630,0.6125898
20631,0.5583946
20635,0.85527444
20640,0.51927173
20641,0.6932182
20646,0.6983664
20649,0.48137555
20650,0.34880817
20653,0.11764701
20658,0.519079
20660,0.6711934
20662,0.89714164
20666,0.031395093
20667,0.5356987
20669,0.4935269
20671,0.60642153
20674,0.65685064
20680,0.5113318
20682,0.75088483
20685,0.7748137
20686,0.82974434
20698,0.50196725
20699,0.6151251
20705,0.5536934
20710,0.5536934
20714,0.33856776
20719,0.24471065
20726,0.4377926
20736,0.47679645
20738,0.54285836
20743,0.6052203
20747,0.4958949
20750,0.65899616
20752,0.81520164
20754,0.49259996
20756,0.5245634
20757,0.84310704
20760,0.81827706
20764,0.54417115
20766,0.8277594
20773,0.79136115
20785,0.84770167
20789,0.44497755
20790,0.24795555
20792,0.15288717
20794,0.4207249
20795,0.034230772
20796,0.43076774
20798,0.014056924
20804,0.2046057
20805,0.18665923
20807,0.16898616
20823,0.7946289
20827,0.058050163
20831,0.020565785
20837,0.5026824
20844,0.36734295
20845,0.72071064
20851,0.2911896
20852,0.30311581
20854,0.41130483
20857,0.40217954
20858,0.7886421
20865,0.67179066
20866,0.6865369
20871,0.8075128
20875,0.6179723
20876,0.6099561
20882,0.74383974
20884,0.8429863
20885,0.763056
20886,0.37854367
20888,0.7152166
20890,0.014527228
20896,0.7976616
20910,0.3388294
20911,0.86524624
20915,0.47583547
20917,0.44022134
20919,0.44353625
20921,0.44353625
20927,0.5042138
20928,0.07829819
20929,0.5520622
20936,0.78183335
20938,0.019937973
20939,0.8349752
20941,0.5494694
20947,0.4065861
20949,0.48405257
20951,0.42189255
20953,0.0028946963
20954,0.13440092
20958,0.86524624
20960,0.014458177
20961,0.034340106
20966,0.57068425
20967,0.53885734
20974,0.20623572
20977,0.2144403
20980,0.07444478
20981,0.07553708
20982,0.17805743
20985,0.31468594
20992,0.38716972
21005,0.7877006
21014,0.77892154
21015,0.43864077
21021,0.095455386
21023,0.12468602
21026,0.38979948
21031,0.5187378
21034,0.422374
21038,0.5970601
21039,0.020254048
21040,0.71961915
21047,0.7147044
21051,0.14268814
21054,0.18386261
21055,0.171037
21056,0.024802346
21061,0.5422819
21064,0.4348062
21065,0.21884036
21072,0.088269144
21075,0.1767119
21086,0.5799021
21089,0.5117279
21090,0.7663397
21091,0.01251476
21098,0.03779289
21100,0.067183
21106,0.052434694
21108,0.05267312
21110,0.151262
21115,0.8422417
21120,0.79152644
21122,0.53009886
21123,0.4642186
21128,0.68751615
21130,0.5709763
21136,0.5343941
21137,0.6330115
21139,0.67908543
21146,0.56516266
21147,0.5074397
21150,0.45242846
21154,0.27180633
21157,0.42333084
21166,0.02153639
21172,0.5472876
21174,0.5144654
21175,0.4309573
21183,0.42386192
21194,0.7769582
21199,0.7444716
21204,0.7160152
21206,0.12067229
21209,0.17591903
21211,0.013074594
21247,0.455144
21253,0.50978595
21254,0.024828628
21263,0.78706497
21264,0.8935412
21269,0.78248626
21274,0.861142
21282,0.45102027
21288,0.44624808
21295,0.6506935
21300,0.71022224
21303,0.1062822
21305,0.012826489
21307,0.011857176
21308,0.02595458
21311,0.32699612
21315,0.7735873
21316,0.45561764
21329,0.53676444
21333,0.07489718
21334,0.09179339
21339,0.43096274
21341,0.0221253
21343,0.7890984
21344,0.8046862
21345,0.39345092
21348,0.51773787
21349,0.39970556
21355,0.4856738
21356,0.5584306
21358,0.5394644
21363,0.35358623
21365,0.25277212
21368,0.36487618
21369,0.8583058
21373,0.28380135
21374,0.47305053
21376,0.0065174433
21380,0.8593998
21381,0.41957113
21384,0.32029885
21390,0.70822287
21396,0.6934269
21398,0.48085555
21404,0.31737816
21414,0.41347933
21417,0.80711627
21419,0.87729746
21421,0.8630292
21423,0.82401973
21429,0.25529557
21432,0.8479635
21435,0.043997154
21437,0.7466801
21443,0.007776308
21444,0.0496188
21445,0.45093516
21447,0.44405353
21448,0.37554127
21457,0.58808506
21464,0.15325166
21465,0.3197556
21473,0.6641478
21478,0.6977711
21479,0.6253009
21486,0.53817093
21488,0.5287042
21491,0.3438445
21492,0.2250014
21503,0.2634585
21514,0.84895265
21516,0.45743626
21520,0.40019313
21522,0.7639606
21524,0.3412098
21530,0.4757818
21534,0.27492744
21535,0.388962
21540,0.6628566
21542,0.7438446
21548,0.40001097
21550,0.054602697
21551,0.441433
21552,0.75776666
21555,0.71718335
21556,0.824164
21558,0.360834
21561,0.3035467
21563,0.7936752
21564,0.7817856
21566,0.07641583
21568,0.032905284
21574,0.37344718
21577,0.50780135
21578,0.55630356
21579,0.7877057
21581,0.385155
21582,0.19690078
21584,0.8322112
21588,0.016415577
21595,0.874009
21597,0.7315403
21603,0.46751288
21604,0.7387065
21606,0.46751288
21612,0.27897882
21621,0.49068964
21624,0.55192935
21625,0.34078515
21628,0.5043366
21629,0.8342046
21631,0.8464831
21637,0.055010036
21641,0.52506465
21642,0.5032101
21644,0.49831626
21645,0.8341602
21652,0.36511284
21658,0.41351143
21660,0.36248246
21667,0.48035645
21669,0.17195623
21671,0.018066268
21672,0.5732745
21677,0.43171352
21678,0.6637936
21680,0.73167574
21681,0.8500123
21682,0.5797433
21684,0.8324136
21685,0.8450822
21693,0.7841641
21699,0.36801082
21708,0.56048936
21709,0.5262916
21713,0.40525547
21714,0.016007269
21715,0.52213365
21719,0.6113512
21724,0.47532815
21726,0.47131342
21728,0.27817324
21735,0.84372926
21738,0.7908962
21740,0.8074579
21741,0.8100922
21746,0.5630341
21747,0.7552581
21750,0.3184995
21751,0.71173143
21752,0.785063
21753,0.7885304
21757,0.7493833
21759,0.676646
21769,0.66375685
21772,0.8503407
21773,0.85960287
21775,0.014667223
21779,0.5988412
21781,0.45530388
21782,0.42190337
21787,0.36281306
21792,0.44165984
21797,0.7594333
21799,0.64607817
21800,0.6989473
21801,0.5314827
21803,0.036004458
21806,0.79717934
21809,0.73375314
21814,0.71451986
21815,0.71451986
21820,0.007276994
21823,0.017401166
21824,0.3209872
21825,0.31384537
21827,0.7315403
21829,0.756773
21830,0.10297493
21832,0.40207514
21833,0.41073847
21835,0.012417375
21836,0.025494708
21840,0.21163705
21841,0.17456341
21845,0.40400174
21853,0.7441974
21856,0.71260005
21867,0.6001027
21872,0.5347179
21873,0.46993244
21876,0.5424815
21878,0.50927186
21882,0.37445846
21883,0.35839316
21884,0.42852962
21888,0.5381541
21890,0.6035173
21892,0.42686492
21893,0.016322969
21894,0.5574292
21898,0.58461857
21907,0.29710615
21910,0.6453216
21912,0.40897784
21914,0.45138463
21920,0.6436112
21921,0.73317116
21922,0.6864931
21924,0.6346836
21927,0.6112738
21930,0.74226534
21933,0.69476545
21939,0.4433116
21946,0.59282315
21950,0.5008161
21951,0.0063948804
21952,0.65545523
21953,0.02882045
21959,0.7968136
21961,0.23243044
21967,0.7347248
21969,0.5729765
21971,0.5294799
21972,0.5747934
21977,0.7294367
21982,0.534536
21992,0.5022815
21993,0.50810283
21994,0.725108
21995,0.6599427
21997,0.67751664
21999,0.0150564555
22002,0.673206
22004,0.5116475
22006,0.41927958
22007,0.25340083
22016,0.65935606
22018,0.57122296
22021,0.8107077
22026,0.45180607
22032,0.017090796
22035,0.037043538
22041,0.0946348
22047,0.64754283
22048,0.013291098
22049,0.59019715
22051,0.23142587
22053,0.7632899
22060,0.746076
22069,0.4134043
22074,0.54423773
22077,0.5092534
22081,0.44495988
22090,0.3803232
22092,0.8299562
22093,0.8163885
22097,0.45146763
22098,0.7559539
22100,0.50355226
22105,0.74026585
22107,0.6856133
22108,0.7643258
22113,0.7144741
22116,0.79160976
22119,0.50812864
22122,0.26150626
22127,0.79624665
22128,0.7914019
22132,0.53381723
22134,0.7236992
22137,0.44122952
22138,0.39028174
22142,0.8634676
22150,0.030023603
22154,0.3477164
22155,0.37431931
22156,0.476306
22167,0.3558772
22169,0.35001406
22174,0.3610415
22176,0.8079254
22185,0.24221721
22187,0.8213977
22190,0.009515441
22191,0.0046622343
22193,0.43145737
22194,0.39423192
22200,0.4235897
22213,0.02501507
22216,0.29840812
22218,0.3519605
22224,0.65361446
22228,0.4051183
22230,0.8189442
22238,0.24442428
22241,0.38807574
22242,0.45639294
22247,0.34646782
22250,0.80111957
22254,0.31743488
22256,0.3811358
22257,0.44598544
22260,0.41667792
22263,0.11997591
22273,0.027681407
22279,0.015377242
22281,0.73561
22284,0.7500285
22287,0.19671261
22292,0.7803592
22293,0.29568624
22299,0.5418582
22305,0.27027833
22306,0.6367085
22308,0.62800044
22309,0.50227606
22310,0.5303937
22317,0.41983134
22323,0.37073568
22327,0.45970044
22328,0.8555294
22330,0.3523184
22331,0.07233692
22332,0.090626575
22333,0.46834219
22336,0.6335257
22340,0.66196805
22341,0.529184
22344,0.5485724
22348,0.059730574
22352,0.8837194
22356,0.06958937
22357,0.7909627
22363,0.102331705
22370,0.4012673
22371,0.57163286
22374,0.7656208
22376,0.7649604
22382,0.5613494
22388,0.35757208
22392,0.7172605
22394,0.58304524
22404,0.51904416
22405,0.45198882
22410,0.5754435
22413,0.809174
22414,0.56559753
22424,0.6663507
22425,0.80657274
22426,0.3407015
22430,0.5281082
22431,0.5124805
22432,0.82205987
22433,0.04253378
22434,0.74905294
22446,0.6949447
22457,0.7114781
22458,0.7463821
22460,0.5001132
22462,0.014104121
22474,0.046444207
22475,0.6401494
22485,0.72565776
22488,0.6093584
22491,0.5313287
22492,0.34106332
22495,0.06097146
22497,0.70075774
22498,0.7051168
22499,0.8111767
22501,0.64969337
22509,0.32276082
22510,0.7940472
22513,0.5777673
22515,0.72437155
22518,0.81509906
22522,0.39255542
22524,0.3533104
22525,0.8354317
22526,0.43129924
22528,0.87661713
22531,0.79872334
22532,0.0910686
22533,0.73868686
22535,0.31743315
22546,0.6620467
22554,0.7600372
22556,0.7390006
22559,0.38612723
22563,0.36563906
22564,0.36267745
22566,0.7124657
22569,0.73263913
22577,0.81458724
22578,0.8512085
22581,0.2993687
22582,0.42900467
22585,0.48165864
22589,0.48241603
22595,0.5951474
22596,0.58206135
22602,0.556861
22603,0.50263894
22606,0.053145193
22612,0.41167942
22613,0.3424966
22617,0.52870905
22618,0.7982031
22623,0.5430975
22627,0.72164077
22630,0.75928855
22631,0.71725553
22638,0.53499216
22639,0.56808037
22641,0.40224007
22642,0.62496966
22646,0.2945166
22647,0.64882654
22654,0.55405337
22656,0.41015187
22658,0.050655648
22664,0.70996946
22666,0.29121065
22672,0.3997161
22673,0.1251978
22675,0.0061786207
22676,0.30253062
22678,0.5873989
22681,0.30025718
22683,0.009212016
22685,0.8258518
22686,0.736402
22689,0.76502883
22692,0.59275144
22694,0.56789297
22697,0.42277047
22698,0.41842693
22700,0.3610094
22707,0.54988986
22713,0.29690439
22714,0.43042067
22719,0.3717553
22720,0.6848836
22721,0.61348206
22722,0.3409361
22729,0.18136263
22734,0.32724708
22737,0.7634583
22738,0.7199323
22740,0.67838717
22743,0.6222757
22745,0.6952028
22747,0.15085681
22749,0.010328898
22750,0.02466876
22753,0.25901288
22755,0.008531031
22756,0.43833134
22757,0.06537855
22758,0.124421455
22762,0.07893306
22777,0.25308815
22779,0.27301112
22780,0.26471296
22781,0.25752202
22782,0.23689267
22784,0.27939212
22795,0.14617525
22799,0.52532333
22805,0.2678414
22806,0.24418232
22807,0.051717747
22817,0.45454097
22823,0.25115353
22825,0.2770098
22833,0.53450084
22835,0.6460958
22841,0.41218987
22845,0.30971202
22853,0.28531057
22857,0.703716
22859,0.27097195
22865,0.27240562
22869,0.29515177
22870,0.5311674
22880,0.037481923
22887,0.6848907
22889,0.698477
22891,0.033136226
22894,0.46932653
22897,0.81911033
22898,0.35890356
22907,0.7627064
22909,0.2603028
22913,0.46744448
22914,0.4327729
22915,0.40028363
22920,0.26521486
22926,0.49546823
22928,0.0500374
22930,0.030951824
22932,0.007238302
22935,0.00747135
22937,0.15470427
22948,0.36105815
22949,0.4241442
22950,0.4241442
22956,0.48285717
22971,0.76237106
22972,0.76237106
22974,0.3604722
22976,0.13589035
22979,0.19888626
22981,0.32432273
22982,0.7580304
22983,0.022707485
22985,0.22900473
22990,0.74407583
22994,0.7366837
23007,0.31483915
23008,0.05721658
23009,0.35737586
23010,0.69130045
23015,0.33899453
23022,0.6440768
23023,0.699194
23026,0.37114012
23035,0.30509093
23038,0.15542686
23047,0.47815698
23050,0.09342038
23062,0.4308408
23063,0.5955258
23066,0.34051985
23071,0.2823901
23072,0.78114945
23079,0.36145362
23085,0.1404875
23098,0.48201084
23105,0.09424773
23108,0.10151649
23110,0.071298525
23112,0.1481008
23122,0.3968
23125,0.29224208
23132,0.060040254
23135,0.19012244
23136,0.10583729
23137,0.09249942
23154,0.16552942
23155,0.74758667
23159,0.3482067
23162,0.335325
23163,0.39971617
23164,0.33766934
23167,0.39274716
23168,0.2813137
23174,0.32849595
23175,0.43796352
23177,0.47995043
23178,0.4789792
23180,0.0748948
23181,0.2957895
23184,0.31967792
23185,0.39169282
23188,0.5585078
23192,0.06119146
23194,0.3181234
23199,0.057752512
23201,0.45511246
23202,0.34242225
23203,0.7772721
23205,0.79651004
23208,0.79200995
23211,0.7281911
23216,0.060198706
23217,0.058750093
23221,0.05251898
23224,0.8110814
23227,0.03216023
23236,0.7844449
23237,0.77719986
23238,0.03767967
23244,0.07731389
23249,0.77014834
23270,0.4307254
23273,0.08854387
23279,0.48693934
23281,0.020241683
23284,0.63272303
23288,0.7901443
23296,0.7396111
23299,0.6857062
23300,0.5649589
23304,0.029534483
23310,0.76634747
23312,0.011341143
23316,0.7007769
23319,0.17446572
23324,0.8407575
23325,0.8396791
23333,0.75096357
23334,0.66560733
23335,0.8036928
23337,0.85429025
23340,0.7387488
23342,0.7247836
23347,0.15686308
23348,0.6206759
23351,0.6490727
23353,0.73071784
23354,0.76432323
23355,0.7599368
23359,0.59034145
23361,0.7233081
23364,0.76804197
23368,0.7325767
23372,0.10845659
23373,0.59462494
23378,0.36965457
23384,0.2761194
23387,0.9943264
23388,0.19216485
23396,0.6491431
23397,0.6580003
23400,0.6985585
23403,0.7370416
23408,0.78284174
23411,0.61131364
23417,0.77452546
23418,0.64940685
23421,0.2043996
23423,0.641821
23424,0.7620393
23428,0.8498387
23431,0.7251325
23434,0.8086898
23438,0.403452
23439,0.74349344
23446,0.1846308
23448,0.044197258
23449,0.10854322
23458,0.055473473
23461,0.8193655
23467,0.058298
23471,0.3465138
23474,0.64384407
23477,0.48448625
23478,0.35367203
23480,0.5380263
23482,0.2667469
23483,0.84367293
23485,0.06490227
23493,0.0242344
23495,0.13472465
23497,0.07579571
23504,0.106895916
23506,0.09856958
23507,0.08607332
23508,0.08312921
23512,0.20173322
23516,0.34841904
23517,0.56691384
23523,0.47030297
23526,0.4675261
23527,0.23003498
23528,0.62088656
23538,0.75636536
23540,0.5410655
23541,0.81575584
23543,0.32811865
23545,0.81153136
23546,0.8491563
23549,0.19100004
23550,0.3712303
23553,0.3805781
23556,0.80317265
23558,0.6473201
23560,0.66561514
23563,0.7687077
23566,0.46524546
23584,0.43254498
23589,0.73521364
23590,0.75116765
23593,0.469524
23594,0.09822277
23601,0.16560705
23603,0.19570868
23605,0.22727785
23606,0.11061954
23608,0.08437568
23615,0.039975625
23619,0.320634
23630,0.04387765
23632,0.07132228
23633,0.14113185
23639,0.013305189
23645,0.79247993
23646,0.8099706
23648,0.79382575
23651,0.6283321
23658,0.67818284
23660,0.07556739
23673,0.11193116
23680,0.24269846
23685,0.7704246
23686,0.852471
23693,0.17633541
23706,0.07382731
23713,0.71820647
23718,0.023085753
23721,0.56039745
23734,0.46901882
23738,0.44454554
23740,0.5745707
23741,0.27138507
23742,0.6500489
23745,0.4780921
23747,0.7946759
23748,0.29792902
23750,0.7414803
23751,0.53203326
23753,0.24378492
23757,0.27557728
23758,0.21063052
23762,0.76946723
23765,0.7447522
23766,0.81216204
23769,0.72979003
23770,0.48591307
23774,0.798627
23779,0.062269416
23781,0.31093374
23783,0.03316217
23789,0.78179705
23791,0.7786516
23793,0.73831683
23794,0.18044111
23801,0.7773744
23802,0.2847475
23805,0.009301247
23806,0.73831683
23809,0.022350365
23810,0.2229945
23813,0.6665601
23814,0.5591147
23817,0.21183442
23818,0.6724898
23821,0.009435046
23822,0.48226422
23827,0.53454816
23831,0.6775836
23832,0.57399267
23839,0.7118599
23841,0.8360815
23846,0.2829675
23863,0.8904707
23869,0.24654706
23873,0.34206825
23876,0.7540148
23877,0.40478924
23881,0.589493
23886,0.41744602
23888,0.71443075
23890,0.59016824
23892,0.7448467
23899,0.60866404
23906,0.41334212
23907,0.4506604
23910,0.86022353
23918,0.5620407
23919,0.04412871
23920,0.2964984
23940,0.40716952
23943,0.3692343
23948,0.047439154
23949,0.5677604
23950,0.51301634
23954,0.62374383
23957,0.12184425
23959,0.3154571
23962,0.26690388
23967,0.024048371
23968,0.15178305
23969,0.24906544
23970,0.6419306
23980,0.23212643
23981,0.3534331
23982,0.5691528
23988,0.7555238
23994,0.18987331
23997,0.76425093
23998,0.7125345
23999,0.7125345
24005,0.037028197
24010,0.8077503
24011,0.80889964
24016,0.110866636
24020,0.3810302
24021,0.7844393
24023,0.5961424
24024,0.77830553
24026,0.6931255
24027,0.80681723
24034,0.75390977
24044,0.7412973
24046,0.6614758
24047,0.53544635
24053,0.36891305
24054,0.70226175
24055,0.41549474
24056,0.3906264
24059,0.6699174
24060,0.68904525
24061,0.69856083
24062,0.7590662
24064,0.14826821
24065,0.32294777
24066,0.024556955
24076,0.1547144
24077,0.14122048
24087,0.6770272
24094,0.7481689
24098,0.72028655
24100,0.11737805
24101,0.17901093
24103,0.6648325
24106,0.096225075
24107,0.10175049
24109,0.0689043
24111,0.090097785
24128,0.13193813
24129,0.8054279
24135,0.13402608
24139,0.2606351
24144,0.07181094
24151,0.38034043
24154,0.014827949
24155,0.7920364
24161,0.1442813
24170,0.11867547
24171,0.109472916
24172,0.022356259
24173,0.10765105
24184,0.71470016
24189,0.22489339
24198,0.8036443
24199,0.7631378
24205,0.14994682
24207,0.5912544
24209,0.63218004
24211,0.59118843
24213,0.4753833
24215,0.057934534
24217,0.48984474
24219,0.3954321
24224,0.43134895
24234,0.44293568
24236,0.2796286
24241,0.7584416
24255,0.10096825
24258,0.15204719
24261,0.3529695
24265,0.014718785
24274,0.63444555
24275,0.7584416
24276,0.7600815
24277,0.071353436
24280,0.78690344
24283,0.83226824
24284,0.7506395
24285,0.6895854
24286,0.69915974
24289,0.8098937
24291,0.63516706
24293,0.7207063
24295,0.5671471
24297,0.49208024
24307,0.5251171
24308,0.639418
24320,0.01261255
24325,0.028713921
24329,0.038669404
24332,0.29767722
24333,0.095989026
24351,0.55364144
24352,0.04653004
24354,0.2742384
24362,0.012288956
24364,0.08152099
24365,0.04313652
24370,0.21742609
24375,0.2992806
24380,0.2377094
24382,0.2377094
24386,0.29892412
24389,0.49523842
24397,0.7862012
24398,0.7295382
24401,0.035048716
24406,0.016233692
24411,0.03127211
24418,0.3191511
24419,0.2962253
24423,0.1447099
24427,0.08351102
24429,0.07053845
24431,0.12892693
24433,0.09479506
24436,0.04653004
24441,0.12423636
24448,0.10287886
24450,0.065767735
24453,0.12844601
24457,0.09185692
24460,0.19246379
24462,0.03627695
24463,0.03626015
24464,0.027432404
24465,0.03630785
24466,0.05481351
24471,0.031290907
24477,0.022202838
24478,0.2745552
24481,0.2010918
24482,0.027993117
24483,0.118905716
24484,0.0818301
24487,0.06345884
24495,0.07226546
24496,0.1342901
24499,0.27522343
24502,0.052668918
24504,0.062217135
24505,0.015349543
24515,0.3643533
24518,0.018604212
24520,0.018604212
24531,0.6030914
24532,0.7171256
24533,0.44719863
24534,0.7171256
24536,0.03526412
24539,0.83146846
24541,0.7066795
24547,0.2721186
24549,0.0667216
24550,0.87199503
24551,0.5652547
24554,0.61709785
24555,0.60852623
24564,0.5608927
24568,0.0485859
24570,0.0485859
24572,0.4571571
24577,0.87133735
24578,0.31993067
24580,0.24494009
24582,0.26200807
24584,0.32042563
24586,0.28729832
24588,0.38231137
24590,0.37277675
24591,0.45929474
24606,0.6106917
24617,0.7821113
24621,0.21964343
24623,0.21964343
24624,0.13407682
24633,0.46123108
24638,0.45446914
24646,0.84545213
24652,0.77088475
24653,0.83053577
24656,0.7797265
24661,0.025774257
24667,0.64042
24669,0.52839774
24672,0.2505265
24677,0.40593272
24683,0.5445206
24684,0.70442194
24686,0.6548882
24688,0.43630102
24689,0.43630102
24693,0.7816313
24696,0.78499377
24697,0.7685055
24698,0.494268
24701,0.7012014
24704,0.10201921
24712,0.51882017
24713,0.33617172
24718,0.8770748
24721,0.1194087
24733,0.8347913
24748,0.7584551
24749,0.6934638
24752,0.33175758
24753,0.8813721
24759,0.45833778
24760,0.09436056
24763,0.31309333
24773,0.4662608
24774,0.4867485
24776,0.42615125
24777,0.26190096
24779,0.8320132
24780,0.43034375
24781,0.82264537
24782,0.8074057
24783,0.83267635
24789,0.8200391
24794,0.40209973
24797,0.37697235
24804,0.45096087
24805,0.4996836
24808,0.81913465
24816,0.7649991
24820,0.65820205
24826,0.10231491
24834,0.8346611
24844,0.70472157
24850,0.8633384
24851,0.039096273
24859,0.053740337
24868,0.007942224
24871,0.034657944
24881,0.8491734
24891,0.7187545
24894,0.77219844
24906,0.17699252
24907,0.2524772
24908,0.1141241
24912,0.11663942
24917,0.56483024
24919,0.76973355
24921,0.7512508
24931,0.78900456
24932,0.31555438
24933,0.71770567
24935,0.2844787
24941,0.8007617
24942,0.76534444
24943,0.85777533
24946,0.7470798
24953,0.62509185
24961,0.40171942
24964,0.87242246
24966,0.86413634
24969,0.8646799
24972,0.9342217
24975,0.8600867
24980,0.79998213
24981,0.83848166
24988,0.09511959
24991,0.088647805
24997,0.1624659
24998,0.91960263
25000,0.8444507
25006,0.80693305
25012,0.7700686
25021,0.8388616
25022,0.7598634
25025,0.03618785
25026,0.36991322
25031,0.25707698
25033,0.4677183
25041,0.7681186
25047,0.6708016
25050,0.39861402
25055,0.76395404
25058,0.7170595
25059,0.7383414
25065,0.2856303
25066,0.05334245
25067,0.3185753
25070,0.3378355
25073,0.371888
25077,0.367408
25083,0.008020863
25084,0.04466676
25085,0.80113596
25086,0.71812296
25087,0.792302
25095,0.73445845
25096,0.7481846
25098,0.06031894
25104,0.14351006
25105,0.75541645
25111,0.8309242
25112,0.86037815
25113,0.91704535
25115,0.8576484
25117,0.3122126
25129,0.87086344
25133,0.783144
25135,0.80427533
25136,0.7669657
25140,0.8099361
25142,0.796279
25144,0.85829544
25151,0.8627638
25152,0.80740774
25155,0.76404417
25156,0.7420941
25158,0.8566289
25160,0.8263089
25164,0.81872094
25165,0.80399424
25167,0.82588035
25170,0.8163532
25171,0.78063905
25172,0.80102855
25174,0.8332712
25178,0.048928026
25179,0.8730556
25180,0.4481751
25186,0.8758277
25187,0.8479528
25190,0.7418225
25194,0.8289139
25199,0.74207604
25200,0.75385636
25203,0.7344907
25210,0.9021432
25212,0.8357884
25216,0.80530524
25221,0.8247492
25223,0.2716345
25225,0.33410946
25228,0.22876626
25230,0.26896787
25239,0.7609121
25240,0.7021657
25241,0.73030955
25243,0.010816255
25249,0.7853323
25250,0.74864966
25251,0.719756
25253,0.42644474
25257,0.78826356
25264,0.18021533
25265,0.10379878
25268,0.14609642
25271,0.84895194
25278,0.6798357
25285,0.2565939
25286,0.63615793
25289,0.76412076
25296,0.80513567
25300,0.6373294
25302,0.726841
25307,0.7687069
25310,0.6584892
25312,0.6796688
25316,0.79750067
25323,0.30870783
25334,0.0828209
25337,0.8240082
25338,0.8549289
25339,0.26265854
25341,0.85876817
25342,0.7572576
25345,0.88321394
25347,0.2197698
25348,0.8821291
25352,0.84115005
25357,0.12659037
25359,0.40792853
25361,0.6947945
25362,0.76950085
25366,0.81605613
25369,0.23392572
25377,0.83734727
25378,0.83316183
25394,0.7101679
25395,0.5606843
25397,0.7008529
25408,0.43319857
25412,0.7623694
25432,0.8414145
25433,0.58460295
25434,0.3183028
25439,0.64337444
25442,0.1433964
25446,0.2603157
25448,0.7753327
25449,0.25187936
25452,0.050015587
25461,0.73103696
25462,0.6966818
25466,0.8075186
25472,0.8382975
25473,0.6988287
25478,0.7929948
25484,0.4547237
25487,0.49225545
25488,0.39752147
25489,0.49708584
25494,0.3719096
25495,0.0791555
25496,0.2656396
25497,0.12119327
25504,0.20008896
25505,0.22471008
25506,0.10285509
25514,0.77428305
25517,0.32063955
25519,0.4812152
25520,0.10395621
25524,0.79336023
25526,0.22317582
25527,0.75636756
25530,0.93729633
25535,0.69066274
25536,0.7987527
25538,0.015124114
25539,0.7308328
25541,0.12841563
25545,0.855778
25548,0.2416694
25558,0.7430062
25559,0.7359178
25563,0.68377304
25567,0.69617194
25568,0.7905097
25576,0.17963177
25580,0.582963
25582,0.8748023
25586,0.82666653
25589,0.69673157
25591,0.8221653
25597,0.85193115
25599,0.7420272
25603,0.6846775
25605,0.57028
25609,0.20726655
25611,0.6566754
25612,0.48709342
25613,0.4804914
25618,0.47939134
25628,0.82117057
25638,0.80800456
25640,0.4870963
25641,0.45198756
25642,0.52703387
25643,0.49830487
25651,0.6788616
25656,0.88258886
25660,0.84632087
25662,0.006147839
25664,0.354759
25665,0.45270786
25667,0.4509056
25668,0.51093024
25677,0.28710985
25678,0.26337785
25679,0.23514222
25680,0.27112985
25682,0.35948634
25683,0.35948634
25684,0.24739948
25689,0.2266768
25691,0.39471388
25696,0.05789915
25702,0.7262589
25704,0.6036939
25707,0.5120637
25710,0.21182181
25714,0.7453495
25723,0.23943207
25727,0.17866996
25733,0.22363329
25736,0.47339246
25737,0.42202255
25751,0.45454672
25754,0.6658825
25761,0.42341384
25776,0.046302784
25784,0.68522257
25785,0.10313585
25786,0.20217223
25787,0.5551017
25798,0.043626525
25801,0.25019315
25804,0.10244894
25807,0.26652253
25808,0.19960943
25809,0.16777034
25814,0.19103143
25816,0.5322266
25817,0.38451916
25820,0.48554716
25822,0.05433357
25829,0.64426774
25842,0.051625676
25844,0.22667493
25854,0.38967687
25862,0.75802714
25865,0.6638934
25867,0.74471
25869,0.42886773
25871,0.12095505
25872,0.27732632
25874,0.7991937
25876,0.66725016
25882,0.7747183
25884,0.72382444
25890,0.6567304
25903,0.76389617
25906,0.7587662
25908,0.6701704
25909,0.7928458
25914,0.45242992
25915,0.556016
25921,0.8063751
25930,0.6761993
25939,0.6865668
25941,0.44144338
25942,0.5559782
25944,0.01797816
25946,0.7046799
25950,0.66992044
25951,0.2674379
25954,0.4469501
25958,0.41241628
25962,0.6682384
25967,0.12799253
25968,0.0316933
25985,0.054378815
25987,0.57951236
25991,0.37586054
25993,0.49338543
25994,0.13609174
26000,0.32616177
26002,0.5924359
26003,0.41241628
26004,0.11867438
26006,0.21768303
26020,0.7044595
26021,0.76451784
26028,0.7882657
26030,0.02318704
26033,0.015792845
26036,0.79305357
26042,0.72717845
26048,0.21174952
26053,0.20605832
26056,0.18758991
26060,0.7377297
26065,0.07445041
26074,0.015457085
26076,0.008241109
26078,0.011459875
26081,0.048742138
26083,0.003310792
26084,0.28798282
26087,0.6740943
26092,0.23700476
26096,0.15365675
26103,0.25978798
26107,0.053748075
26110,0.7465151
26115,0.76332545
26119,0.7041551
26123,0.7925023
26128,0.059808936
26133,0.17461956
26136,0.16454807
26138,0.015422017
26139,0.16428134
26145,0.0014152405
26147,0.02494633
26156,0.4798672
26157,0.52640605
26159,0.5914766
26160,0.6652126
26161,0.5809627
26162,0.5712743
26173,0.312238
26175,0.23318991
26177,0.17815416
26179,0.002685909
26188,0.28996697
26189,0.46400514
26195,0.2291747
26200,0.17334425
26202,0.20063782
26206,0.47229037
26211,0.5426253
26214,0.5550966
26216,0.5383142
26218,0.56055033
26219,0.48338974
26221,0.5843852
26224,0.0014302989
26226,0.003805078
26229,0.0051452634
26233,0.0047337064
26235,0.6159818
26237,0.17586552
26240,0.20876473
26243,0.14249146
26246,0.11769104
26248,0.019973561
26250,0.6451245
26254,0.0020675047
26269,0.26252317
26270,0.27186766
26271,0.27186766
26273,0.25400913
26276,0.20505367
26277,0.59707606
26281,0.48686275
26285,0.49384633
26287,0.3344539
26290,0.33900368
26291,0.39353272
26292,0.31503162
26299,0.39981392
26301,0.30421865
26303,0.010024718
26304,0.5756216
26309,0.47336808
26313,0.42943227
26322,0.44201162
26327,0.41543055
26328,0.36844575
26330,0.48949438
26332,0.5625311
26334,0.29989198
26337,0.7404974
26351,0.010688473
26354,0.0028059685
26360,0.65639085
26361,0.7049271
26366,0.18806589
26370,0.72591496
26371,0.28806794
26372,0.28696024
26376,0.32187015
26385,0.42472667
26386,0.61003906
26387,0.5101003
26393,0.24694847
26409,0.75322133
26411,0.76745605
26425,0.052000813
26432,0.25730076
26435,0.48464704
26436,0.57443017
26440,0.8617878
26441,0.66596013
26442,0.22173575
26446,0.011950829
26447,0.21535611
26448,0.64105624
26449,0.7931503
26450,0.015065318
26451,0.4903041
26452,0.3078044
26476,0.04350992
26482,0.1034724
26485,0.011155485
26486,0.011453929
26495,0.23666061
26497,0.18809128
26500,0.039831974
26502,0.039843306
26508,0.027087416
26513,0.0054763705
26516,0.004053718
26518,0.058846276
26521,0.004264268
26529,0.36297497
26534,0.41174775
26538,0.45678312
26540,0.40002105
26545,0.5888707
26549,0.42398408
26551,0.41394407
26554,0.35709897
26563,0.5874464
26565,0.45103922
26566,0.64150244
26567,0.61386585
26569,0.8512657
26570,0.76289076
26573,0.7460611
26577,0.6805371
26580,0.1588332
26583,0.58079004
26585,0.0025859724
26586,0.54109895
26589,0.10791306
26598,0.50272197
26600,0.4554627
26601,0.6031328
26602,0.60490936
26604,0.60967433
26610,0.63006663
26620,0.5873899
26630,0.2077368
26631,0.8298727
26632,0.38606268
26635,0.06157525
26636,0.8365989
26642,0.6156339
26655,0.16327761
26658,0.06615072
26659,0.7408245
26663,0.63797385
26665,0.6665723
26669,0.6652462
26675,0.729826
26677,0.6904981
26680,0.6146007
26684,0.80525213
26685,0.26474538
26686,0.7007476
26688,0.58850086
26692,0.6703106
26696,0.7747738
26698,0.42917648
26701,0.6168887
26703,0.30481586
26708,0.72888905
26709,0.7975659
26713,0.81741047
26717,0.78111637
26718,0.66674274
26722,0.6994168
26730,0.23260899
26731,0.00644025
26732,0.6369815
26740,0.7462249
26754,0.781487
26758,0.7725408
26760,0.6684744
26764,0.6985131
26781,0.012111843
26783,0.6054956
26784,0.031739857
26785,0.5987018
26786,0.075095855
26789,0.3165292
26791,0.8921426
26793,0.80832255
26797,0.033338346
26799,0.67530036
26803,0.7632631
26804,0.6167542
26807,0.70867205
26809,0.7417731
26812,0.8066654
26816,0.6860442
26829,0.6480123
26834,0.014377774
26835,0.8185836
26838,0.76858467
26848,0.003622563
26851,0.850925
26854,0.80014855
26855,0.012414089
26859,0.3201876
26860,0.8762796
26861,0.7749902
26862,0.3219472
26863,0.37829015
26865,0.005392244
26873,0.004791432
26878,0.7002327
26879,0.73715806
26882,0.498321
26889,0.25183883
26890,0.25218785
26894,0.24416088
26895,0.25032502
26901,0.33042106
26902,0.34661233
26903,0.37004983
26904,0.3515975
26910,0.33633846
26911,0.34863356
26913,0.07195419
26919,0.02046443
26925,0.6139611
26932,0.59768933
26933,0.005067138
26935,0.8776468
26937,0.34569344
26938,0.34909496
26939,0.21713357
26950,0.3687504
26957,0.2895657
26958,0.386118
26964,0.30206823
26978,0.012444167
26980,0.5745597
26988,0.15844566
26994,0.2909469
27004,0.5008839
27007,0.6139611
27009,0.60424286
27011,0.60424286
27013,0.8384405
27015,0.23280396
27018,0.61832786
27028,0.659043
27032,0.79318124
27033,0.80519044
27035,0.8813726
27048,0.40389505
27056,0.008010432
27059,0.2724224
27067,0.22982843
27069,0.27293232
27071,0.010286258
27073,0.004757579
27074,0.45839763
27076,0.41593543
27083,0.54342806
27085,0.3770691
27087,0.4573957
27088,0.44198722
27093,0.3548544
27094,0.48498404
27097,0.7649965
27108,0.38402924
27110,0.47872117
27112,0.26690033
27114,0.25622097
27115,0.21533789
27116,0.19124049
27118,0.40205458
27119,0.4621684
27127,0.5209964
27129,0.30238774
27135,0.45954743
27143,0.50399446
27145,0.46976328
27152,0.055115875
27155,0.53499764
27156,0.49315766
27158,0.005526284
27169,0.6881252
27170,0.21993823
27172,0.6562372
27177,0.63675857
27180,0.83611476
27181,0.6185623
27184,0.24295162
27190,0.13091303
27194,0.40666968
27195,0.67884344
27196,0.5011287
27197,0.47966763
27200,0.520875
27201,0.4063014
27202,0.4183663
27203,0.49611616
27210,0.6068899
27228,0.77633697
27231,0.42684478
27233,0.3544409
27234,0.43018565
27235,0.4237752
27243,0.44612813
27245,0.50005496
27248,0.23559818
27252,0.5870138
27253,0.7286468
27260,0.32781708
27263,0.29735103
27265,0.011473446
27267,0.30202287
27272,0.44739366
27273,0.40870366
27274,0.39500004
27275,0.66695106
27276,0.4473761
27278,0.4332589
27286,0.81672764
27288,0.25169256
27290,0.0052776956
27298,0.49880356
27301,0.49556646
27305,0.797638
27306,0.770205
27307,0.012892663
27308,0.7670921
27312,0.6248372
27318,0.60754323
27319,0.60754323
27323,0.489392
27326,0.54387116
27333,0.5430865
27340,0.75380105
27342,0.25869268
27343,0.6832231
27345,0.82409513
27346,0.723576
27348,0.3270693
27352,0.326675
27355,0.22209068
27358,0.38425907
27359,0.73126024
27360,0.3363075
27361,0.73126024
27367,0.31485626
27370,0.29592624
27371,0.004670269
27373,0.7296788
27378,0.007109941
27381,0.78106207
27384,0.30321738
27386,0.35042104
27391,0.59292835
27395,0.83866423
27397,0.004821217
27407,0.28325132
27413,0.8053135
27416,0.080846414
27418,0.8243028
27419,0.8219736
27422,0.830528
27426,0.9095848
27431,0.6265599
27432,0.014776644
27437,0.011110397
27439,0.7297459
27440,0.3215053
27442,0.8487087
27446,0.10099916
27451,0.41577747
27453,0.3514514
27456,0.009524879
27464,0.046376783
27467,0.3838922
27468,0.20316386
27474,0.50681555
27475,0.27223337
27476,0.7194635
27477,0.5089039
27483,0.78495127
27486,0.059621822
27488,0.8755464
27492,0.84783196
27497,0.81847185
27503,0.6423932
27505,0.8168969
27509,0.016767336
27512,0.89922947
27513,0.9102332
27515,0.8005675
27517,0.82561946
27520,0.8510623
27522,0.79810405
27526,0.8099958
27528,0.8591713
27529,0.6738622
27530,0.3929092
27531,0.3346173
27534,0.4184665
27536,0.2409589
27537,0.30529666
27543,0.2989026
27547,0.30875894
27550,0.38730568
27551,0.31552225
27552,0.23202491
27556,0.23046991
27557,0.28128985
27559,0.3442718
27563,0.82624185
27566,0.8256392
27567,0.37112126
27568,0.015187152
27569,0.49664453
27570,0.42864236
27573,0.858068
27576,0.0640657
27577,0.260173
27588,0.8481436
27590,0.35947177
27600,0.498822
27604,0.8763879
27607,0.4749986
27609,0.4188387
27611,0.31090796
27617,0.88631225
27623,0.89409465
27643,0.82816505
27648,0.8193275
27650,0.7957383
27656,0.8754693
27660,0.7549517
27662,0.36785203
27668,0.042633127
27670,0.38412532
27682,0.42105913
27684,0.3507988
27686,0.8636505
27690,0.85739696
27693,0.87550396
27708,0.78631204
27709,0.75459343
27710,0.7990554
27716,0.35491207
27719,0.31732377
27721,0.49610326
27728,0.33581373
27731,0.3344288
27732,0.7451612
27736,0.72734386
27739,0.72734386
27741,0.7538952
27743,0.008766362
27749,0.80252266
27750,0.74796903
27754,0.39529917
27763,0.30263466
27768,0.74342847
27774,0.26300532
27788,0.50370663
27790,0.5516832
27793,0.166546
27805,0.32420567
27806,0.59412915
27810,0.7989617
27815,0.7125865
27816,0.786139
27817,0.77937436
27826,0.8160837
27836,0.7032837
27841,0.0052484996
27842,0.57854337
27845,0.7071327
27849,0.28993893
27851,0.5246823
27852,0.83526176
27855,0.8284859
27856,0.80500525
27857,0.7195991
27868,0.36124086
27873,0.3851033
27875,0.8086023
27876,0.42768002
27878,0.37240404
27879,0.4456284
27881,0.46171632
27886,0.3269242
27887,0.024593195
27893,0.874364
27896,0.37011775
27899,0.34160668
27900,0.33977696
27902,0.3641938
27905,0.30824208
27907,0.35345986
27908,0.51961434
27921,0.25114074
27928,0.004836182
27931,0.19014825
27936,0.24332562
27939,0.52608067
27942,0.50473195
27945,0.8028404
27949,0.85763365
27954,0.8706444
27961,0.8286618
27964,0.8264135
27965,0.8375837
27966,0.78127605
27968,0.009568844
27980,0.46990666
27981,0.041031916
27995,0.8097627
27997,0.8593277
27999,0.8380786
28000,0.8230507
28002,0.8575968
28012,0.013546433
28018,0.5563907
28020,0.7884163
28022,0.6336018
28023,0.7919948
28025,0.61219984
28026,0.5343618
28030,0.6785583
28041,0.26010612
28044,0.79263675
28052,0.7848795
28053,0.7848795
28056,0.7944737
28057,0.8816352
28060,0.8528361
28062,0.11537622
28063,0.06860669
28070,0.8340127
28076,0.023814812
28079,0.6350491
28081,0.88508743
28082,0.850498
28084,0.016157761
28087,0.36016336
28089,0.38446543
28093,0.3038176
28096,0.4241155
28098,0.3539346
28102,0.45618773
28106,0.66382587
28113,0.86453277
28116,0.40717444
28119,0.21730123
28130,0.30044642
28131,0.35507664
28136,0.3185359
28137,0.17740732
28144,0.009041151
28147,0.7627339
28157,0.61012125
28158,0.73218673
28168,0.6467094
28169,0.67852676
28170,0.75156385
28177,0.53941506
28182,0.6855663
28183,0.6860012
28189,0.7025848
28192,0.8370263
28197,0.84470546
28199,0.70488703
28202,0.6912959
28207,0.7885728
28213,0.8496939
28216,0.8426961
28217,0.77558947
28223,0.84918797
28225,0.82557607
28226,0.855045
28235,0.7920699
28236,0.81887996
28239,0.8064735
28240,0.76314616
28241,0.8316874
28246,0.77987945
28254,0.8281321
28256,0.8210425
28259,0.024444578
28263,0.7982881
28264,0.82462215
28268,0.81138974
28270,0.49574605
28272,0.3742784
28273,0.37739903
28281,0.7412039
28282,0.7412039
28288,0.843312
28289,0.71829927
28291,0.84622455
28295,0.85015315
28306,0.4400576
28308,0.5067698
28310,0.8161631
28312,0.8773409
28320,0.82384634
28325,0.0020112626
28332,0.73234373
28333,0.6357825
28334,0.58529913
28337,0.8006985
28339,0.7460473
28343,0.5606349
28346,0.7202571
28350,0.18916391
28353,0.33281267
28355,0.27840286
28357,0.14339308
28359,0.18791103
28360,0.32523838
28364,0.061785802
28368,0.6599324
28373,0.15159526
28376,0.27593878
28379,0.599658
28381,0.70296633
28382,0.60037273
28384,0.0075317845
28388,0.028100189
28393,0.46488655
28395,0.45071042
28403,0.63272965
28405,0.6108957
28410,0.53522843
28411,0.65816
28423,0.20853609
28425,0.24544956
28432,0.24709965
28436,0.82410204
28437,0.8894964
28442,0.72014827
28448,0.028172381
28451,0.0740196
28454,0.055759814
28458,0.27712995
28462,0.67441744
28466,0.23302554
28467,0.64112765
28469,0.36335355
28480,0.3992532
28482,0.59260035
28485,0.41057014
28487,0.7842004
28488,0.795049
28496,0.69284403
28499,0.6829897
28506,0.797452
28507,0.009973749
28509,0.5773585
28521,0.65814096
28523,0.7615592
28526,0.71524894
28528,0.6987862
28529,0.71848434
28535,0.6532298
28538,0.6599324
28539,0.6599324
28540,0.6599324
28542,0.6664731
28544,0.70808417
28547,0.8095573
28548,0.8095573
28550,0.22568032
28559,0.77613413
28561,0.37770978
28564,0.3058575
28569,0.43395513
28572,0.47328183
28573,0.76487213
28577,0.6705346
28578,0.5980997
28590,0.4817146
28595,0.5850367
28597,0.6309145
28599,0.6644303
28606,0.7470294
28607,0.2613394
28611,0.2090483
28614,0.17580454
28615,0.27612728
28616,0.37947667
28618,0.1918926
28620,0.19161409
28623,0.56899166
28625,0.56899166
28629,0.033221025
28631,0.030996518
28636,0.008954844
28641,0.6177199
28647,0.5972322
28650,0.7731567
28651,0.6667782
28656,0.67285657
28667,0.23551494
28668,0.18633942
28669,0.15841448
28670,0.19958805
28671,0.19853406
28673,0.2512666
28685,0.1911762
28686,0.46260664
28691,0.19591692
28694,0.8525956
28699,0.113019
28700,0.41805467
28703,0.3651761
28706,0.60140944
28710,0.69668436
28713,0.041210186
28716,0.41643763
28719,0.21231022
28729,0.3698785
28731,0.36443022
28734,0.4836465
28737,0.28427324
28739,0.3375336
28741,0.3604424
28743,0.42993438
28745,0.41295224
28750,0.6209961
28752,0.08775325
28754,0.27622446
28755,0.62515426
28756,0.52805376
28760,0.45071042
28763,0.07789935
28764,0.101478174
28769,0.11904381
28775,0.82861465
28780,0.07232032
28782,0.3335183
28789,0.65754735
28793,0.8125908
28795,0.08213824
28806,0.03929849
28808,0.4448333
28809,0.38354263
28810,0.43760493
28814,0.56716853
28816,0.7978476
28817,0.45755696
28820,0.45736822
28823,0.40855214
28827,0.38881478
28831,0.43898574
28833,0.43841216
28846,0.50029993
28852,0.34789687
28853,0.5803155
28856,0.44239262
28858,0.44768545
28859,0.30660006
28866,0.8064936
28870,0.82101804
28871,0.7652569
28873,0.42041057
28876,0.62026876
28879,0.4758225
28882,0.48946387
28885,0.27653128
28887,0.050545547
28888,0.2651873
28889,0.24024159
28892,0.16672668
28893,0.16672668
28895,0.2507064
28896,0.20510127
28897,0.5051505
28898,0.16005166
28903,0.2456994
28909,0.4047632
28911,0.66590947
28912,0.6098411
28916,0.6281464
28917,0.7015561
28920,0.37978706
28923,0.40941256
28927,0.44261456
28929,0.34061566
28935,0.38163912
28936,0.36647606
28944,0.51708573
28947,0.28455776
28948,0.32141185
28950,0.5297163
28951,0.49209952
28953,0.26341456
28954,0.6698386
28955,0.080206335
28961,0.431583
28962,0.833602
28967,0.55932623
28968,0.59348696
28970,0.6767371
28972,0.5407932
28979,0.7333744
28980,0.77041525
28984,0.7745122
28985,0.8231509
28987,0.7972725
28989,0.35394618
28990,0.40823433
28992,0.08485502
28998,0.38960156
28999,0.40475237
29001,0.4919168
29002,0.46621498
29007,0.4726018
29011,0.52896357
29012,0.32361883
29014,0.32313296
29020,0.3801745
29021,0.32141185
29022,0.36863962
29023,0.023363791
29025,0.32767352
29030,0.45247355
29033,0.5530464
29034,0.33003435
29037,0.7323987
29043,0.7681734
29045,0.65044934
29054,0.12116372
29055,0.08375722
29060,0.5149468
29066,0.4687031
29067,0.41962123
29071,0.3976641
29078,0.44479436
29080,0.37661013
29090,0.7742958
29093,0.80396533
29095,0.7778159
29098,0.7988517
29099,0.79142874
29101,0.79238683
29103,0.5109397
29104,0.4949995
29105,0.53733337
29107,0.51144403
29108,0.5417654
29110,0.51072377
29116,0.49015403
29117,0.45329684
29127,0.42651543
29132,0.59318995
29135,0.61100906
29140,0.11528207
29153,0.3211027
29161,0.7425902
29164,0.8286974
29165,0.7431699
29173,0.19917822
29174,0.20591627
29175,0.29365057
29178,0.3336319
29180,0.24779804
29183,0.30653384
29184,0.25537008
29188,0.22255805
29194,0.25705573
29197,0.117735565
29198,0.25408122
29199,0.6333069
29200,0.23487553
29201,0.27060908
29203,0.21196929
29204,0.25717828
29205,0.21941225
29206,0.2302165
29211,0.39391798
29212,0.24358219
29217,0.52829504
29230,0.40042716
29235,0.42756474
29241,0.41379428
29244,0.58455384
29249,0.15534788
29251,0.36816794
29252,0.36021864
29253,0.52516156
29254,0.28236103
29255,0.045191944
29265,0.3348888
29270,0.52915895
29274,0.70840997
29278,0.64017135
29279,0.6463952
29286,0.6937754
29287,0.6502759
29292,0.47057763
29295,0.43123972
29302,0.039092798
29303,0.78170604
29304,0.40971932
29305,0.56738204
29310,0.2225424
29316,0.3079582
29319,0.43750733
29326,0.37761205
29330,0.11117796
29336,0.7623001
29339,0.7751093
29346,0.44079092
29348,0.30744943
29363,0.80316
29365,0.75169986
29366,0.82507527
29369,0.8027746
29373,0.6440924
29374,0.71330523
29377,0.22675802
29378,0.1735156
29383,0.20091861
29385,0.15292077
29387,0.18815392
29389,0.31803432
29396,0.20781255
29412,0.28854546
29415,0.19705471
29417,0.27633855
29418,0.39142424
29426,0.44745404
29434,0.15589036
29438,0.8728425
29440,0.7967247
29443,0.84628195
29446,0.79817545
29459,0.66443944
29463,0.51669776
29465,0.6018994
29473,0.36033627
29476,0.72625047
29483,0.7949191
29488,0.024916159
29495,0.015020596
29496,0.2738378
29504,0.5615838
29518,0.7060448
29522,0.45769587
29523,0.3160712
29524,0.43972108
29525,0.8521141
29526,0.7930273
29528,0.6969839
29530,0.0077041476
29531,0.84966314
29534,0.8516617
29535,0.7936386
29544,0.30614454
29545,0.41228136
29557,0.32179096
29559,0.40560088
29561,0.27328685
29562,0.28173542
29563,0.37978038
29564,0.74467015
29567,0.7412121
29571,0.6754954
29573,0.21845451
29578,0.24904838
29589,0.5433653
29591,0.08104634
29594,0.60692614
29598,0.08723497
29600,0.10384284
29610,0.73462826
29612,0.7857191
29613,0.4928166
29614,0.8370228
29615,0.76830775
29622,0.81964415
29625,0.8446628
29626,0.016474225
29628,0.7759407
29630,0.7319188
29631,0.43460768
29632,0.31412354
29636,0.23556116
29638,0.22713137
29640,0.30516705
29646,0.027100705
29658,0.04664935
29660,0.004684734
29664,0.8326905
29668,0.7246639
29669,0.7357786
29673,0.7710606
29678,0.3762375
29679,0.41164842
29688,0.04579016
29693,0.7542669
29695,0.34407598
29696,0.8341798
29708,0.8716695
29713,0.42258444
29715,0.35145628
29720,0.8128323
29722,0.83735216
29724,0.7942622
29725,0.832252
29726,0.8544372
29731,0.368456
29733,0.36681908
29743,0.32038978
29745,0.42359647
29747,0.2781581
29748,0.31467232
29754,0.3148557
29757,0.25262433
29759,0.8184799
29761,0.8440207
29764,0.82751024
29766,0.78904116
29770,0.2802149
29772,0.3596869
29779,0.84295994
29781,0.53978276
29786,0.76317894
29790,0.7594697
29792,0.53725153
29801,0.3155602
29803,0.14350356
29804,0.297495
29818,0.28119832
29821,0.18718746
29822,0.2438087
29824,0.25325862
29828,0.7565941
29829,0.21089257
29833,0.3632337
29836,0.27462882
29837,0.271066
29844,0.6902461
29847,0.20142232
29849,0.24052976
29859,0.4407376
29862,0.03068636
29871,0.25730574
29872,0.22336224
29876,0.23237889
29882,0.0035641782
29884,0.647819
29890,0.21367595
29894,0.2910188
29895,0.004127928
29897,0.30006897
29901,0.65638655
29904,0.0034827422
29908,0.37318182
29909,0.2630125
29911,0.22669928
29912,0.2402679
29916,0.289763
29922,0.35762203
29924,0.253525
29925,0.22572866
29926,0.25289088
29927,0.24395825
29931,0.53823584
29936,0.3468611
29938,0.7711285
29947,0.46818045
29948,0.466072
29953,0.45562953
29956,0.7689486
29959,0.83665097
29963,0.36683366
29964,0.4450167
29967,0.53846985
29970,0.36777237
29974,0.7842678
29975,0.12570876
29980,0.8488086
29985,0.3059343
29986,0.3046839
29987,0.4021502
29989,0.4021502
29990,0.5305633
29992,0.54536635
29993,0.4120621
29999,0.41613293
30001,0.53472
30008,0.35806233
30010,0.35236463
30012,0.57710063
30014,0.47060344
30018,0.40356457
30019,0.5053588
30024,0.47797498
30026,0.43690807
30029,0.45734817
30032,0.42880133
30035,0.4168047
30043,0.2281616
30044,0.17540781
30045,0.58718055
30047,0.58256286
30048,0.3862656
30050,0.39956316
30054,0.5102142
30056,0.4203749
30057,0.010949709
30060,0.24718696
30064,0.35022444
30065,0.4917656
30073,0.55058247
30077,0.57099116
30080,0.36168665
30093,0.45332977
30099,0.41706824
30106,0.74245834
30107,0.49434683
30113,0.47237802
30114,0.5515109
30120,0.33178902
30121,0.3383147
30125,0.36117932
30126,0.015135817
30129,0.6205414
30130,0.6836821
30134,0.003667728
30142,0.080485
30147,0.40700772
30148,0.26783398
30149,0.042729735
30151,0.37771767
30154,0.5009304
30161,0.45090452
30163,0.27614892
30174,0.7612492
30183,0.7830652
30184,0.79462695
30194,0.614974
30196,0.5063126
30197,0.19440353
30201,0.009492153
30203,0.005961241
30211,0.4720539
30215,0.26629913
30216,0.26629913
30217,0.54189277
30222,0.5092737
30226,0.593846
30228,0.7435
30230,0.3469496
30231,0.31813923
30235,0.28873816
30236,0.009353981
30237,0.20958064
30238,0.20958064
30244,0.19621964
30247,0.72793883
30256,0.7912487
30262,0.3188334
30265,0.1977325
30267,0.6347789
30277,0.36826175
30278,0.26209903
30280,0.20120935
30282,0.67258596
30284,0.59044576
30285,0.6262597
30290,0.70088243
30292,0.8079015
30296,0.7411854
30298,0.7376131
30300,0.7359914
30303,0.6175414
30305,0.19621964
30307,0.22519419
30313,0.15131944
30314,0.30285758
30318,0.0034944774
30324,0.0035031007
30326,0.46198544
30329,0.24729457
30332,0.25388354
30333,0.30008245
30343,0.6688309
30346,0.7152924
30347,0.7370715
30352,0.58048457
30356,0.72923297
30357,0.70718926
30360,0.6599105
30362,0.7666707
30364,0.78445846
30365,0.7279707
30373,0.33646548
30374,0.42559874
30377,0.4414883
30378,0.4141877
30384,0.09554582
30394,0.028358925
30398,0.7226725
30408,0.0059242668
30412,0.74927825
30414,0.3965363
30416,0.55890304
30418,0.73257047
30419,0.74172115
30422,0.3809768
30423,0.6075298
30426,0.07853282
30430,0.5488468
30434,0.53452986
30436,0.44624418
30439,0.7443621
30440,0.67858243
30442,0.76551735
30443,0.0943914
30444,0.36305237
30452,0.61066955
30454,0.32787097
30458,0.50336736
30459,0.45236042
30460,0.76793903
30463,0.43892926
30465,0.30688027
30468,0.7927913
30471,0.34820318
30472,0.00584404
30473,0.051276393
30486,0.5681114
30490,0.69405764
30494,0.61430997
30502,0.45090452
30503,0.5860774
30504,0.27684617
30510,0.46242553
30511,0.49414107
30513,0.40730122
30515,0.2554835
30519,0.30653927
30524,0.46117672
30529,0.3887552
30535,0.124172874
30539,0.16476502
30541,0.00540811
30546,0.1476752
30547,0.08057911
30550,0.043377582
30551,0.050315864
30552,0.23851177
30560,0.042564575
30561,0.21704175
30570,0.005603143
30572,0.20497264
30580,0.121654086
30585,0.061542325
30588,0.0044340454
30594,0.021049866
30603,0.0018791006
30605,0.040318992
30619,0.13692814
30640,0.34888947
30642,0.010370192
30645,0.22391184
30653,0.18371306
30659,0.14531417
30660,0.1528843
30664,0.030908331
30666,0.100113675
30672,0.02627433
30675,0.18960838
30681,0.05718625
30688,0.025273647
30694,0.14058293
30695,0.23162541
30698,0.19515024
30701,0.107927725
30702,0.04797274
30709,0.005061386
30712,0.17662331
30715,0.14781693
30723,0.1596581
30724,0.23063144
30725,0.024880009
30727,0.13340268
30731,0.3828383
30732,0.35446763
30734,0.23762691
30738,0.23968002
30740,0.41792944
30742,0.027551502
30744,0.17906852
30746,0.025322977
30748,0.061881248
30749,0.23578613
30750,0.20189442
30752,0.2415579
30754,0.4568816
30757,0.46783265
30759,0.41566494
30762,0.36495858
30765,0.010687705
30767,0.037502896
30768,0.031678617
30769,0.033049997
30772,0.08125714
30775,0.4957622
30797,0.03926461
30798,0.12486336
30799,0.041937735
30800,0.0026249092
30808,0.17934957
30809,0.13396043
30811,0.026133832
30817,0.04687911
30819,0.21931133
30820,0.05250471
30822,0.23196262
30826,0.0024181046
30827,0.029522618
30830,0.12869708
30831,0.05598194
30833,0.18260607
30834,0.079957105
30840,0.06106324
30843,0.008367367
30851,0.003391538
30853,0.014771008
30860,0.124512084
30861,0.012772589
30863,0.0590668
30868,0.048356157
30870,0.03944065
30878,0.03869693
30881,0.0026460122
30886,0.048533797
30888,0.0036697623
30889,0.12676674
30891,0.016217615
30892,0.023862865
30894,0.015007078
30896,0.014531277
30898,0.015709119
30908,0.05370651
30910,0.006223365
30911,0.0025071872
30913,0.0017214663
30914,0.0022922102
30916,0.04457239
30918,0.035002988
30922,0.0014607086
30924,0.0069346176
30928,0.0021124773
30931,0.00249156
30932,0.03456882
30937,0.0022229427
30943,0.009214127
30946,0.007978633
30948,0.033267643
30966,0.042805936
30971,0.07762454
30975,0.040248323
30977,0.041708354
30981,0.0042827674
30984,0.095499635
30988,0.034854162
30989,0.13901031
30995,0.051825475
30997,0.034299966
30998,0.034892574
31002,0.034263853
31007,0.016793337
31008,0.0021909007
31009,0.0021146657
31016,0.053229235
31019,0.030754091
31023,0.029423485
31033,0.043789096
31036,0.05084498
31041,0.0010854851
31042,0.030690154
31045,0.043818824
31049,0.038076926
31052,0.024534417
31055,0.036805954
31059,0.04204894
31069,0.036024928
31072,0.002356448
31076,0.011141198
31086,0.010037333
31088,0.015117149
31091,0.11097792
31092,0.009475616
31093,0.09297867
31101,0.001
31103,0.116125576
31104,0.026901392
31105,0.038207274
31106,0.037495315
31107,0.05457825
31114,0.036273677
31121,0.010339428
31128,0.001
31129,0.04209212
31131,0.053346965
31132,0.03449465
31136,0.0019215195
31137,0.002225295
31151,0.0021693336
31157,0.023037141
31159,0.018142432
31165,0.042101555
31171,0.0060589435
31174,0.043789875
31180,0.03449465
31182,0.002075417
31186,0.001
31191,0.030338641
31199,0.13770944
31200,0.19153658
31203,0.001
31220,0.092502326
31221,0.0030528307
31227,0.13309748
31228,0.0103072105
31232,0.014237362
31241,0.13475005
31250,0.3089561
31255,0.119728
31257,0.0065500415
31258,0.18297705
31260,0.0011902489
31267,0.001
31268,0.012195333
31275,0.05381211
31276,0.038710196
31277,0.047192615
31280,0.003608865
31285,0.001
31288,0.15003464
31293,0.015354985
31300,0.09015978
31302,0.32619643
31309,0.055289343
31315,0.009450117
31318,0.14877228
31320,0.09294273
31322,0.0013063767
31331,0.010423658
31333,0.015082358
31337,0.023858305
31338,0.0046490757
31343,0.43582228
31347,0.009193768
31353,0.31237924
31354,0.09587133
31355,0.22044413
31357,0.026119402
31360,0.2350766
31366,0.34044576
31367,0.045938615
31369,0.038418055
31371,0.5158159
31382,0.037327297
31391,0.47909904
31399,0.035131153
31401,0.043112155
31406,0.4083509
31409,0.2093419
31410,0.09915701
31413,0.011418581
31421,0.38981217
31424,0.55596316
31428,0.63826203
31429,0.5287987
31431,0.87771595
31433,0.9004471
31438,0.5987308
31439,0.587795
31442,0.25331396
31445,0.3092072
31446,0.4440033
31449,0.41663346
31452,0.5048753
31453,0.63656056
31456,0.33741507
31460,0.43996665
31461,0.34354913
31464,0.7718537
31465,0.7801845
31468,0.86210185
31472,0.5939099
31475,0.7395505
31476,0.26388183
31478,0.13422799
31482,0.8499374
31487,0.84610057
31488,0.8915987
31493,0.80328363
31495,0.6325115
31498,0.6323508
31505,0.23753674
31506,0.43560693
31509,0.011460291
31510,0.27171236
31512,0.5719676
31513,0.4811972
31523,0.4891514
31525,0.52546823
31526,0.51072747
31531,0.7742428
31532,0.85255
31535,0.79610217
31537,0.70905614
31545,0.3466537
31549,0.43517977
31551,0.7068617
31552,0.342186
31554,0.29846007
31557,0.7378599
31558,0.5744715
31559,0.28143957
31563,0.4192941
31565,0.48584682
31566,0.23609094
31567,0.02084309
31568,0.21954374
31569,0.28777823
31571,0.29277468
31573,0.15742496
31575,0.20798135
31577,0.20471027
31581,0.6748147
31582,0.664668
31586,0.6829531
31587,0.81306255
31591,0.7505167
31592,0.008497014
31601,0.71035296
31605,0.3002378
31606,0.0934504
31607,0.59900653
31616,0.19132355
31619,0.29731065
31626,0.592701
31630,0.44059125
31633,0.16999513
31634,0.19427882
31637,0.15702927
31638,0.26901028
31644,0.28367043
31649,0.47943997
31652,0.005372912
31653,0.13454269
31654,0.3968724
31655,0.14284168
31656,0.1596469
31660,0.7722249
31676,0.30033168
31678,0.15773478
31680,0.82572156
31683,0.19599819
31687,0.8541403
31688,0.5160857
31693,0.8074639
31695,0.20780596
31700,0.027386058
31702,0.045712933
31714,0.04242646
31716,0.5004562
31726,0.82177496
31732,0.7947489
31734,0.7483094
31736,0.8834946
31740,0.42075494
31741,0.371527
31745,0.3354908
31746,0.26361346
31751,0.22183634
31752,0.26130033
31753,0.13350603
31754,0.14606896
31759,0.27240282
31762,0.2041142
31767,0.22709508
31780,0.12884843
31790,0.6211951
31793,0.5812918
31795,0.33392507
31797,0.7528024
31799,0.013453825
31800,0.61090726
31802,0.6135723
31803,0.751327
31805,0.6135723
31807,0.1767956
31811,0.75767803
31812,0.6707409
31815,0.5942494
31823,0.23034345
31825,0.37760562
31828,0.018542264
31837,0.6728008
31838,0.7804495
31839,0.09747575
31840,0.14484191
31843,0.371944
31845,0.34758547
31848,0.67154366
31849,0.6175864
31855,0.81883466
31860,0.60321575
31861,0.4091254
31863,0.78435606
31874,0.8149305
31875,0.7722064
31879,0.2554159
31881,0.19318564
31884,0.40226156
31886,0.6878088
31892,0.6951823
31894,0.05577738
31900,0.77092975
31901,0.63245857
31903,0.11809645
31904,0.75696576
31911,0.7780557
31915,0.72004986
31922,0.5276043
31927,0.03121818
31933,0.24793585
31934,0.6345662
31936,0.25981262
31939,0.6855389
31941,0.36286452
31944,0.34753788
31953,0.6763576
31957,0.8253005
31963,0.7969682
31965,0.045558058
31967,0.044811457
31971,0.66927654
31980,0.14113997
31981,0.2606884
31983,0.14732584
31984,0.19517314
31988,0.24217439
31999,0.51139826
32002,0.53995603
32008,0.6129642
32013,0.53394634
32014,0.37245372
32015,0.33455944
32023,0.5892699
32027,0.60085684
32030,0.32783717
32035,0.019785995
32042,0.20760708
32044,0.32333785
32050,0.19018403
32054,0.6011648
32059,0.46946546
32064,0.5081078
32068,0.6745981
32069,0.42528763
32070,0.6414771
32072,0.527584
32078,0.45963198
32082,0.2735187
32083,0.18780726
32084,0.446655
32088,0.2137883
32089,0.22062771
32090,0.25099117
32092,0.2522182
32099,0.35431394
32101,0.71343154
32103,0.52571046
32115,0.5756362
32116,0.5736112
32118,0.4641075
32120,0.32036588
32127,0.2645609
32131,0.69047743
32134,0.68699133
32135,0.61061865
32136,0.49620625
32140,0.7015347
32144,0.37415802
32145,0.35883674
32146,0.50465184
32147,0.6550211
32150,0.5357558
32160,0.42726874
32161,0.02108712
32164,0.023353707
32169,0.65823084
32171,0.72143143
32172,0.03952101
32179,0.12694411
32186,0.16180389
32188,0.38241023
32191,0.06832805
32200,0.072331406
32205,0.012170778
32206,0.30948
32207,0.50468105
32209,0.59755164
32213,0.47832677
32223,0.38053596
32225,0.5757527
32227,0.55066824
32233,0.59045565
32237,0.6537955
32241,0.25339055
32242,0.27584797
32244,0.67950964
32246,0.67950964
32249,0.6116283
32250,0.69394165
32251,0.5884576
32252,0.26543915
32255,0.6964789
32257,0.8325043
32258,0.010573346
32262,0.80804825
32266,0.7795111
32275,0.39067098
32276,0.37456396
32280,0.29287907
32284,0.01176432
32286,0.6115535
32287,0.7017901
32294,0.7485551
32297,0.15567909
32310,0.43491977
32313,0.42605478
32317,0.68868005
32322,0.77067405
32323,0.7682873
32326,0.81400913
32328,0.50772375
32331,0.7797268
32335,0.44265884
32336,0.7754182
32342,0.4030794
32343,0.3657917
32345,0.4127307
32354,0.12273716
32355,0.41259956
32363,0.41890785
32364,0.08021498
32366,0.3728293
32369,0.34418944
32377,0.43626925
32384,0.16011588
32387,0.7039713
32389,0.082800835
32390,0.082800835
32393,0.63720345
32394,0.30693176
32395,0.7069466
32400,0.62466604
32404,0.6875909
32408,0.73039985
32410,0.36169243
32413,0.6496516
32417,0.56635463
32418,0.66680413
32419,0.70085657
32421,0.71717757
32423,0.38098547
32428,0.34842888
32430,0.35904482
32432,0.29384032
32434,0.34873608
32438,0.29893622
32439,0.31890902
32443,0.34499735
32444,0.7665105
32445,0.35471523
32449,0.67740405
32450,0.31246567
32463,0.6591783
32464,0.64148223
32465,0.6305078
32466,0.73383886
32475,0.6157665
32476,0.07933689
32481,0.19354083
32494,0.029907722
32495,0.33733365
32496,0.36738044
32500,0.32161823
32501,0.3653739
32516,0.407453
32521,0.2049978
32534,0.6724582
32535,0.7888397
32536,0.2990449
32537,0.41157323
32538,0.2702881
32542,0.056243304
32544,0.74181145
32545,0.6511639
32546,0.63061917
32549,0.53009295
32550,0.19716106
32553,0.33290377
32554,0.32385668
32555,0.1978752
32558,0.049918495
32563,0.0069249836
32564,0.21104616
32566,0.28799337
32570,0.31692392
32576,0.38629407
32580,0.3835053
32584,0.32586348
32585,0.26780286
32586,0.7026679
32589,0.35026485
32595,0.5230423
32597,0.6169148
32603,0.72430897
32604,0.69527316
32605,0.6459892
32606,0.57875025
32608,0.31755716
32613,0.30567694
32615,0.32572296
32616,0.46988654
32621,0.34873608
32623,0.7856795
32627,0.3644128
32632,0.2556738
32636,0.3388498
32640,0.33361757
32645,0.39174953
32647,0.037713397
32651,0.18610552
32655,0.34831554
32657,0.37829107
32660,0.33169448
32664,0.2676925
32667,0.71515954
32668,0.59124035
32672,0.77665883
32674,0.7011159
32675,0.611963
32684,0.6126441
32688,0.6454516
32691,0.7742268
32692,0.37380058
32694,0.65930915
32698,0.8189189
32699,0.80561286
32700,0.80561286
32702,0.6541349
32703,0.5649404
32704,0.75770634
32705,0.40771034
32719,0.62738377
32720,0.6956254
32727,0.42697617
32728,0.68685436
32741,0.6323813
32746,0.035409696
32753,0.4417765
32754,0.3303591
32756,0.4823046
32758,0.70220286
32759,0.61764103
32763,0.5371622
32774,0.64602363
32776,0.75438315
32778,0.61159474
32781,0.6911203
32782,0.6072175
32783,0.7567779
32785,0.7425351
32787,0.807135
32790,0.4188098
32795,0.44678712
32800,0.58747065
32804,0.32595658
32810,0.58617693
32813,0.31017485
32818,0.5573209
32819,0.44270426
32821,0.41446745
32822,0.46626028
32824,0.7117317
32828,0.6869984
32829,0.4470649
32830,0.72490686
32831,0.28176224
32832,0.4550917
32835,0.5473819
32836,0.79474527
32844,0.03176601
32847,0.032312304
32848,0.7725132
32849,0.7709514
32851,0.29921508
32853,0.44300932
32854,0.4213323
32856,0.28095505
32857,0.40532607
32860,0.53253746
32870,0.7400874
32871,0.40856758
32873,0.024087999
32878,0.027840015
32881,0.16196156
32889,0.42351922
32890,0.7001859
32891,0.5911783
32892,0.6566758
32896,0.63423705
32897,0.32194895
32899,0.38103965
32904,0.019738056
32905,0.38865376
32906,0.76013654
32908,0.57461274
32913,0.6282888
32914,0.06298282
32920,0.81656957
32921,0.6555262
32924,0.6663601
32925,0.752115
32927,0.72564656
32931,0.52906984
32939,0.3674806
32941,0.6635429
32954,0.680601
32955,0.5679772
32958,0.70990145
32960,0.66492915
32961,0.6525593
32967,0.61066645
32972,0.35624167
32974,0.28990537
32975,0.2839295
32976,0.571938
32979,0.4331265
32982,0.5931972
32986,0.62705404
32987,0.54669684
32988,0.52723414
32993,0.55659896
32997,0.2844915
32998,0.56719106
33000,0.57401687
33004,0.62104744
33010,0.67763036
33011,0.781864
33014,0.59511894
33016,0.52656037
33019,0.34184375
33023,0.20218274
33026,0.5776211
33028,0.6348452
33032,0.57289916
33035,0.55258065
33042,0.6244925
33043,0.67423576
33045,0.6826931
33047,0.5783482
33048,0.1980988
33050,0.32384768
33053,0.29377046
33057,0.5819361
33060,0.63891715
33062,0.65492845
33068,0.53683066
33071,0.638837
33072,0.19058208
33075,0.55659896
33079,0.08523305
33084,0.64464647
33088,0.43135718
33089,0.13108942
33091,0.4109145
33092,0.21736717
33096,0.7991414
33101,0.3867374
33104,0.7285721
33105,0.76267767
33107,0.4619296
33110,0.44128615
33111,0.3793717
33112,0.37251768
33117,0.23942286
33126,0.09335073
33127,0.27374628
33128,0.44125894
33133,0.34511727
33134,0.33609557
33141,0.4231153
33143,0.7811067
33158,0.7941897
33162,0.4620366
33165,0.8195029
33167,0.50898606
33169,0.31145543
33172,0.21847141
33173,0.76114357
33178,0.48489365
33179,0.7774091
33180,0.7774091
33184,0.7792121
33185,0.45755726
33186,0.7810267
33187,0.23382337
33189,0.25353447
33194,0.46398076
33204,0.6372617
33206,0.19139838
33207,0.85230786
33208,0.24866393
33214,0.0061612204
33217,0.3320241
33221,0.7767974
33223,0.5920857
33230,0.23890865
33233,0.18968202
33235,0.3471883
33242,0.7900432
33243,0.7174214
33244,0.19857536
33245,0.20382003
33246,0.14694573
33250,0.33949363
33251,0.18050101
33256,0.18240917
33257,0.35282946
33262,0.3288875
33268,0.47334582
33276,0.012295864
33279,0.49294877
33280,0.764941
33285,0.30417946
33287,0.32027638
33291,0.31832367
33292,0.31293502
33298,0.14210236
33302,0.30196053
33303,0.12543467
33305,0.33670878
33307,0.1945748
33314,0.12799327
33316,0.46113834
33323,0.31077087
33326,0.4591884
33327,0.83026564
33328,0.814542
33329,0.7825658
33334,0.78088784
33335,0.39625075
33343,0.30879536
33346,0.7866491
33354,0.19980383
33356,0.21481179
33357,0.062469497
33365,0.49985102
33368,0.49535546
33372,0.22201586
33374,0.29966134
33378,0.18845859
33380,0.05396278
33381,0.35959712
33382,0.35959712
33384,0.051909626
33387,0.21111926
33390,0.2742402
33391,0.2742402
33393,0.5330563
33397,0.48720908
33399,0.5814713
33400,0.016979387
33402,0.47393286
33403,0.016979387
33408,0.34395802
33411,0.39827445
33412,0.57486784
33415,0.4409742
33418,0.53056717
33420,0.21948184
33426,0.4081128
33427,0.26981047
33428,0.243993
33432,0.2399658
33435,0.2126888
33436,0.32283452
33439,0.32978988
33446,0.2598864
33451,0.21590339
33456,0.19781059
33467,0.23211399
33474,0.7080746
33476,0.22323914
33482,0.3218534
33484,0.22019568
33485,0.3462908
33487,0.0025078335
33489,0.56942195
33491,0.27607155
33492,0.18330249
33493,0.5969475
33494,0.24773113
33496,0.19726487
33500,0.37703174
33504,0.028115788
33507,0.3562321
33508,0.3612818
33510,0.30491176
33515,0.252431
33520,0.4283238
33528,0.23976064
33529,0.24877761
33534,0.46372494
33535,0.7086257
33538,0.283686
33541,0.7256179
33548,0.5914659
33549,0.5794467
33552,0.53349745
33555,0.6150238
33556,0.7177157
33558,0.18955196
33559,0.35581127
33560,0.26202095
33568,0.40721688
33573,0.3413087
33576,0.23105793
33579,0.22301196
33581,0.68327826
33582,0.39905635
33584,0.57717866
33585,0.48672512
33590,0.6570256
33595,0.54829645
33600,0.006217759
33601,0.0063723233
33607,0.50991607
33611,0.30688122
33617,0.7220314
33625,0.57702094
33629,0.6843852
33635,0.42272657
33637,0.6376671
33638,0.5552647
33645,0.025883038
33648,0.026978029
33653,0.3386977
33663,0.4562968
33671,0.44968334
33676,0.54570776
33678,0.5395444
33679,0.5588428
33684,0.7259274
33687,0.5667094
33688,0.4684352
33701,0.021405835
33703,0.43420509
33704,0.3683745
33708,0.02943323
33713,0.2920693
33714,0.23702846
33715,0.2933217
33716,0.5614062
33717,0.55259895
33718,0.35260504
33721,0.3630359
33722,0.31651443
33724,0.41328225
33727,0.3995844
33730,0.4558388
33732,0.4592214
33738,0.31082454
33742,0.49264422
33745,0.5721263
33749,0.4804123
33750,0.30701444
33753,0.3967709
33756,0.054506272
33758,0.6530106
33759,0.5570684
33760,0.49717176
33764,0.56954944
33768,0.46838304
33773,0.38005593
33777,0.41704905
33779,0.36711678
33786,0.07134241
33788,0.3303117
33791,0.34509808
33797,0.04894528
33798,0.3268244
33801,0.4138725
33804,0.45052335
33807,0.69337636
33810,0.42272657
33811,0.50682557
33812,0.047885645
33818,0.7104916
33824,0.49563393
33826,0.4385804
33829,0.2599405
33830,0.33624706
33832,0.25767237
33834,0.40743035
33835,0.027103273
33836,0.40669388
33839,0.38228235
33845,0.6060876
33850,0.66407853
33852,0.02110514
33854,0.59604543
33856,0.009172231
33858,0.07655109
33863,0.75946814
33866,0.6178489
33870,0.8100926
33874,0.8033593
33878,0.75719994
33880,0.79703176
33883,0.25194573
33887,0.07409793
33896,0.69840884
33899,0.45493636
33903,0.54231
33911,0.6034071
33913,0.36161286
33926,0.63144433
33929,0.036753308
33932,0.3832797
33939,0.04232866
33940,0.035121102
33943,0.5006541
33947,0.39399666
33948,0.03568036
33951,0.69855887
33954,0.76475024
33955,0.35577238
33960,0.67874205
33967,0.20336398
33969,0.764093
33970,0.7992343
33972,0.7059085
33975,0.726374
33976,0.6419827
33980,0.009227038
33981,0.010181175
33984,0.03955354
33985,0.044376478
33986,0.02068742
33997,0.2562547
33999,0.40601107
34001,0.77383405
34009,0.3967923
34010,0.29841515
34015,0.35966933
34019,0.63304466
34026,0.20808841
34047,0.7594703
34048,0.6438996
34049,0.64626664
34051,0.5099429
34052,0.36862987
34055,0.66726005
34059,0.69692296
34073,0.29200518
34083,0.03194077
34092,0.040327366
34093,0.031198753
34096,0.652646
34098,0.40977377
34107,0.36525065
34112,0.39077044
34114,0.342035
34120,0.021136036
34121,0.4713162
34129,0.5575325
34130,0.41440246
34134,0.23377328
34139,0.43432668
34141,0.24904741
34144,0.004316786
34145,0.29263058
34147,0.23335725
34148,0.25781116
34149,0.329159
34160,0.35227495
34163,0.30021864
34164,0.2672119
34168,0.3141953
34171,0.20708525
34172,0.31350005
34179,0.30757517
34183,0.42120248
34186,0.29667425
34190,0.46288794
34193,0.43300682
34195,0.26124123
34197,0.26747787
34199,0.29235604
34201,0.34791958
34202,0.24738379
34207,0.35362923
34209,0.27314147
34211,0.5002177
34220,0.3813176
34223,0.4142773
34225,0.39630663
34228,0.022316664
34230,0.31813005
34231,0.27955428
34232,0.25073195
34238,0.27960452
34249,0.39549544
34269,0.27927268
34272,0.27927268
34274,0.008968079
34277,0.55640584
34279,0.31332684
34280,0.45512918
34281,0.22660169
34291,0.021449167
34294,0.35691673
34295,0.38261285
34305,0.35973194
34306,0.017761638
34307,0.33912125
34308,0.016911393
34309,0.25358897
34310,0.01688818
34312,0.25264412
34313,0.31774923
34317,0.4398975
34329,0.22411291
34331,0.3388768
34332,0.32973102
34334,0.17083608
34335,0.016105097
34341,0.31329703
34348,0.3202853
34349,0.36794844
34361,0.4250709
34362,0.43497762
34368,0.008631683
34372,0.2735616
34376,0.3060326
34377,0.4087111
34378,0.6000967
34380,0.52142644
34382,0.32502472
34386,0.25554514
34391,0.3995684
34400,0.43924242
34401,0.43229276
34408,0.3884008
34410,0.03136271
34411,0.40519267
34428,0.24221367
34429,0.49032834
34430,0.45699716
34435,0.47076106
34448,0.35689825
34451,0.42968315
34452,0.06660905
34454,0.42651173
34456,0.40093297
34458,0.56807023
34461,0.40238675
34465,0.42635345
34467,0.06467352
34471,0.40415964
34472,0.5227747
34474,0.09891228
34475,0.013165791
34479,0.3897057
34485,0.4568779
34487,0.042963266
34490,0.624222
34494,0.43532622
34497,0.18589814
34499,0.3674012
34504,0.57993186
34508,0.33260405
34509,0.11733377
34510,0.3260543
34511,0.16309464
34512,0.24004893
34513,0.09780153
34520,0.41864932
34522,0.4706503
34523,0.46829924
34525,0.50118995
34529,0.5982769
34530,0.6012281
34536,0.16001295
34538,0.42198828
34539,0.47287512
34542,0.46708733
34543,0.40027225
34546,0.44824752
34553,0.06453265
34554,0.5168379
34555,0.34729815
34560,0.00933612
34562,0.44318703
34566,0.36594063
34569,0.22814634
34571,0.35273337
34573,0.51039344
34575,0.21759912
34576,0.39800704
34578,0.3885819
34581,0.0077098394
34584,0.44512692
34590,0.50517917
34597,0.009229982
34599,0.23069794
34602,0.30821523
34604,0.028313825
34605,0.031215534
34606,0.020853369
34609,0.017891595
34620,0.4780861
34621,0.42864153
34625,0.030829307
34626,0.64794415
34638,0.53070074
34643,0.4560923
34652,0.13011062
34657,0.3397018
34659,0.30010587
34665,0.46446842
34670,0.39463538
34671,0.5122178
34673,0.5844124
34676,0.5301102
34687,0.44662437
34689,0.30482474
34692,0.6075254
34695,0.39599353
34697,0.39075333
34698,0.34813872
34701,0.3914607
34707,0.2372727
34716,0.5156516
34721,0.34487167
34722,0.43917787
34724,0.0033166963
34731,0.42653736
34732,0.48403147
34733,0.011230277
34734,0.5299018
34735,0.28632197
34737,0.5686928
34750,0.011949585
34756,0.24662167
34757,0.36555454
34759,0.1096391
34760,0.36431435
34761,0.32443276
34768,0.6039946
34770,0.46831697
34774,0.18179294
34775,0.4779715
34779,0.5186076
34781,0.60793483
34783,0.65986097
34788,0.286074
34789,0.51092315
34795,0.38400695
34796,0.42432043
34802,0.4078988
34807,0.37393647
34810,0.421771
34816,0.38893327
34823,0.44758067
34825,0.4356681
34826,0.34631693
34828,0.44190893
34847,0.29211888
34852,0.012414363
34853,0.6197777
34854,0.5365093
34856,0.37286136
34860,0.291425
34861,0.38568816
34862,0.39974457
34864,0.16042916
34867,0.4858117
34869,0.33092207
34870,0.32969055
34873,0.46939316
34881,0.62086606
34884,0.38118052
34887,0.2298153
34888,0.29069996
34890,0.30764744
34891,0.32459778
34892,0.34342816
34895,0.358417
34901,0.31361
34910,0.35005802
34913,0.45956102
34914,0.64374924
34915,0.46229994
34916,0.65214664
34918,0.697468
34923,0.64084655
34925,0.6500746
34934,0.7168046
34935,0.62752503
34937,0.008523899
34938,0.28923744
34939,0.32444453
34942,0.43150076
34943,0.59654593
34947,0.42915434
34951,0.50825
34959,0.2253525
34960,0.2523681
34963,0.31310374
34965,0.44616506
34967,0.32103
34970,0.5661615
34971,0.31509057
34972,0.5986446
34981,0.466261
34983,0.4495356
34984,0.53782654
34985,0.47367576
34986,0.2731724
34989,0.7447476
34991,0.4376124
34992,0.3129991
34999,0.63640326
35000,0.24332534
35001,0.0049365372
35002,0.30577242
35004,0.43480584
35009,0.011263407
35011,0.696021
35020,0.74032336
35023,0.24809805
35025,0.13718943
35030,0.6643006
35033,0.008149782
35035,0.4645391
35037,0.27478153
35042,0.16955519
35045,0.5827802
35049,0.5287716
35058,0.44822624
35063,0.6697858
35073,0.44474548
35075,0.46763662
35077,0.28079093
35081,0.036201216
35084,0.5839288
35088,0.1898991
35092,0.47800323
35094,0.33572203
35097,0.4187603
35098,0.41927963
35099,0.45708418
35101,0.493241
35105,0.605017
35116,0.34225467
35121,0.6442699
35127,0.6340435
35128,0.57278335
35130,0.40119866
35131,0.49005452
35133,0.42579708
35135,0.45403126
35137,0.61219037
35139,0.7535532
35141,0.46344805
35143,0.47270715
35144,0.59155303
35147,0.36879084
35150,0.009323458
35155,0.44132426
35157,0.6451717
35168,0.41091388
35169,0.47689837
35171,0.3414372
35175,0.40150583
35179,0.31472176
35180,0.4568263
35184,0.27785432
35186,0.27864772
35193,0.3725188
35201,0.26033574
35202,0.26399162
35207,0.30357006
35209,0.6333122
35218,0.38294452
35222,0.7741832
35232,0.61493194
35233,0.007860198
35234,0.5056939
35239,0.5484229
35243,0.7069091
35245,0.6124552
35250,0.28878632
35257,0.6900465
35263,0.44266266
35269,0.016910838
35276,0.0633226
35277,0.43010765
35282,0.31003478
35283,0.7368318
35287,0.6906101
35292,0.38962284
35294,0.13254866
35299,0.010136917
35302,0.28678754
35304,0.036490597
35311,0.31018794
35313,0.64860773
35317,0.28034243
35320,0.014858714
35325,0.73452175
35328,0.0151430415
35329,0.6804459
35336,0.7253802
35343,0.65534526
35348,0.03146485
35350,0.031982828
35353,0.033173237
35354,0.023042621
35356,0.7748255
35357,0.5535205
35358,0.7253802
35370,0.6651697
35371,0.70707595
35379,0.68676466
35381,0.62226516
35382,0.54095054
35383,0.62395495
35384,0.5870162
35386,0.7471494
35387,0.005760662
35388,0.6740876
35395,0.06786847
35401,0.4759698
35410,0.02202111
35413,0.022260837
35415,0.14193676
35416,0.3867128
35420,0.038878348
35424,0.32031608
35426,0.6211046
35427,0.47286612
35430,0.44961715
35434,0.50056773
35435,0.57443935
35437,0.10519265
35438,0.31730232
35445,0.25263003
35447,0.35770074
35454,0.6811444
35456,0.6441302
35458,0.0064060334
35463,0.6572393
35467,0.589667
35468,0.6989513
35469,0.20434901
35473,0.42490143
35474,0.40612546
35477,0.37800717
35478,0.5300056
35481,0.4757571
35489,0.42033118
35509,0.357397
35511,0.3587235
35512,0.2120235
35514,0.6944249
35516,0.7030053
35519,0.7298025
35525,0.48506284
35529,0.35980478
35531,0.009882286
35538,0.7851206
35547,0.009156756
35552,0.33161974
35559,0.34507525
35561,0.074269965
35563,0.2270274
35566,0.36054176
35567,0.22562632
35570,0.32626644
35572,0.40477976
35580,0.017495805
35582,0.30415577
35589,0.23234104
35592,0.021013403
35594,0.32665658
35609,0.19918267
35610,0.12753005
35613,0.34911844
35614,0.33105707
35616,0.41059414
35618,0.42698652
35620,0.34911844
35624,0.5112402
35625,0.0049934536
35631,0.0030927765
35632,0.29036567
35633,0.006429991
35634,0.31647983
35637,0.26192173
35638,0.26192173
35640,0.224122
35641,0.39551467
35642,0.06320137
35643,0.5231872
35650,0.0051370566
35651,0.3321056
35652,0.3825432
35656,0.009360642
35658,0.41154674
35660,0.50246865
35662,0.37796655
35666,0.43272844
35669,0.25035378
35673,0.32083458
35688,0.042208496
35692,0.023081899
35693,0.38424364
35697,0.023651062
35703,0.34843978
35704,0.12169611
35707,0.36242
35712,0.34224242
35713,0.22870511
35715,0.24503745
35716,0.25541776
35718,0.41140956
35722,0.41042784
35723,0.29735634
35724,0.48650014
35734,0.23297092
35735,0.2241733
35740,0.3044367
35744,0.30139562
35745,0.39618775
35747,0.27271914
35756,0.42274344
35757,0.47581872
35761,0.4236207
35765,0.3534645
35768,0.02075977
35771,0.3654308
35773,0.014782825
35779,0.2609936
35783,0.003080633
35785,0.30652153
35788,0.25505945
35791,0.41069672
35793,0.12977329
35799,0.463152
35800,0.44552895
35801,0.27530298
35802,0.39267817
35810,0.3467038
35816,0.29667425
35817,0.35140905
35821,0.30608466
35823,0.4965019
35833,0.25668484
35846,0.4276849
35848,0.40491816
35850,0.39027435
35854,0.46016827
35856,0.38936314
35861,0.00896985
35862,0.37672544
35867,0.34007114
35868,0.3386865
35873,0.5331185
35875,0.003561583
35878,0.5653462
35882,0.3877025
35884,0.0036464424
35886,0.47065043
35888,0.27233228
35893,0.48532283
35894,0.46648237
35899,0.25234032
35905,0.41346532
35906,0.55479115
35910,0.009677045
35915,0.54235715
35916,0.4634736
35921,0.542529
35925,0.099741966
35928,0.0035393133
35930,0.26838443
35934,0.68576556
35936,0.5812479
35939,0.46045744
35940,0.41173196
35944,0.2550189
35945,0.5189852
35956,0.5084974
35958,0.39128694
35961,0.32808262
35965,0.13974257
35976,0.25162917
35981,0.5123318
35984,0.458091
35987,0.33365476
35988,0.2129713
35989,0.4752497
35993,0.42000034
35998,0.34203824
36001,0.3680807
36003,0.3413081
36006,0.3600934
36017,0.48878658
36018,0.24712563
36020,0.324621
36031,0.36607522
36032,0.26436135
36035,0.37701893
36036,0.25786877
36037,0.25786877
36043,0.42121127
36051,0.37061703
36057,0.376897
36061,0.40343353
36067,0.18923903
36074,0.58764434
36076,0.4053326
36077,0.6208428
36084,0.5420154
36085,0.284168
36101,0.31541458
36103,0.31840694
36104,0.28722996
36105,0.4279353
36108,0.69388604
36109,0.32736167
36114,0.40942848
36119,0.4303433
36126,0.25688148
36140,0.32063633
36141,0.3040739
36144,0.3989944
36145,0.46576658
36149,0.53815573
36153,0.0033167624
36154,0.3764798
36158,0.0030445855
36161,0.52521944
36163,0.10484403
36165,0.41418138
36166,0.40941
36167,0.5950111
36169,0.009447886
36171,0.35693493
36172,0.28197175
36175,0.1751649
36178,0.37054265
36184,0.2653964
36190,0.37659547
36193,0.021548782
36194,0.60683715
36195,0.3256721
36197,0.42785403
36202,0.58470523
36204,0.19801734
36207,0.50575876
36213,0.38569602
36215,0.45310742
36217,0.47300705
36221,0.024168994
36230,0.47109526
36235,0.019780744
36237,0.501622
36239,0.005717888
36240,0.49617076
36246,0.3658711
36249,0.03403718
36254,0.571374
36257,0.54162765
36259,0.42293304
36262,0.37377933
36270,0.21910475
36281,0.5937164
36282,0.5020429
36284,0.6152817
36287,0.50556386
36288,0.5842922
36291,0.016163638
36292,0.5808354
36294,0.12689759
36300,0.55868953
36305,0.20987259
36311,0.28965572
36319,0.4139882
36322,0.019800104
36323,0.4373099
36331,0.5374644
36342,0.45593253
36345,0.71285427
36348,0.4325698
36351,0.6527017
36352,0.65686226
36355,0.41327393
36356,0.4873796
36357,0.56826884
36358,0.45611927
36364,0.642332
36366,0.5530479
36368,0.2822419
36370,0.605542
36372,0.3562401
36373,0.3938375
36374,0.01164758
36378,0.44896907
36382,0.46958655
36383,0.43924013
36385,0.5945769
36386,0.46391815
36390,0.22939445
36393,0.4734562
36397,0.0047604996
36398,0.4309018
36402,0.4016215
36407,0.4004053
36408,0.56757855
36415,0.37246686
36420,0.65905595
36421,0.596414
36426,0.4529844
36429,0.4910833
36432,0.41042036
36434,0.06273563
36435,0.55297387
36437,0.6379792
36438,0.055832416
36439,0.69285864
36446,0.35765788
36447,0.18851526
36450,0.47932142
36454,0.01182066
36456,0.52156687
36461,0.64348984
36462,0.27394837
36463,0.6844939
36464,0.103312135
36465,0.62757784
36467,0.6768945
36468,0.4822008
36469,0.40024936
36470,0.48200867
36474,0.51798415
36476,0.3004249
36479,0.5272868
36481,0.37800702
36486,0.66530097
36487,0.20644061
36492,0.0819477
36496,0.36863065
36499,0.63844967
36500,0.5833995
36511,0.6199664
36512,0.50102216
36513,0.009354555
36527,0.71955884
36528,0.31659418
36533,0.7282284
36535,0.28380182
36536,0.2767531
36537,0.7226024
36538,0.7193142
36543,0.4976159
36551,0.010332969
36552,0.48283237
36554,0.66995215
36556,0.35228524
36560,0.49331406
36563,0.3261027
36569,0.49990186
36570,0.04361443
36571,0.82452714
36573,0.3668875
36578,0.06975413
36579,0.39534622
36580,0.05069664
36581,0.15963455
36595,0.019108595
36601,0.78613734
36602,0.66332096
36611,0.007357651
36615,0.008754934
36620,0.03459601
36627,0.6897575
36628,0.18671924
36630,0.748272
36642,0.6737492
36644,0.6286294
36646,0.8159511
36647,0.6693954
36649,0.8085124
36653,0.007201141
36657,0.38137713
36659,0.029080408
36661,0.0131323105
36662,0.008752402
36663,0.006256123
36664,0.74452674
36672,0.18991485
36675,0.81089634
36685,0.4199459
36690,0.7573499
36692,0.1216917
36693,0.047144685
36703,0.01644749
36704,0.54301596
36705,0.7619721
36709,0.006000546
36712,0.31792724
36717,0.33365032
36722,0.46332404
36725,0.44423658
36727,0.57619387
36728,0.06688998
36733,0.7999675
36734,0.233048
36737,0.5380456
36738,0.0083161015
36739,0.22683834
36740,0.78882426
36744,0.6838534
36750,0.124175616
36753,0.6968237
36754,0.57331413
36756,0.37995484
36758,0.75540537
36763,0.11882083
36765,0.19684815
36771,0.37901142
36773,0.42740047
36777,0.69210917
36778,0.68506783
36787,0.4290043
36788,0.007814975
36793,0.6683192
36801,0.378601
36805,0.50824827
36809,0.42425644
36814,0.54965335
36818,0.29192743
36819,0.4749064
36821,0.4341713
36827,0.5260158
36836,0.31609994
36840,0.3653448
36842,0.6419312
36851,0.41911748
36857,0.350073
36860,0.7702284
36862,0.41894543
36864,0.6841978
36865,0.73617357
36869,0.53447074
36871,0.46431467
36872,0.310171
36874,0.7670154
36880,0.48184106
36882,0.34816533
36884,0.02154569
36888,0.33920896
36893,0.4028345
36898,0.60623413
36899,0.5799061
36902,0.05786583
36904,0.60161257
36905,0.5188692
36920,0.64772403
36922,0.26521447
36924,0.47463962
36931,0.4162311
36933,0.31648445
36935,0.39892447
36939,0.0075063384
36942,0.49527815
36946,0.4935952
36949,0.5290301
36950,0.57306314
36961,0.57511353
36967,0.5751011
36969,0.23618342
36971,0.5307946
36974,0.7024206
36983,0.02043396
36985,0.28502244
36986,0.10557032
36987,0.26167014
36988,0.69847864
36992,0.59079254
36998,0.7231532
37003,0.34324703
37005,0.4222059
37007,0.5194896
37009,0.14474306
37012,0.60389036
37017,0.54759413
37021,0.3931847
37025,0.26436508
37033,0.13487227
37034,0.16932957
37036,0.012923356
37037,0.33948264
37044,0.40909174
37052,0.016633196
37071,0.4396181
37093,0.5007974
37094,0.6786858
37099,0.30563682
37104,0.46638858
37106,0.40458176
37108,0.22634728
37109,0.029667538
37111,0.15851575
37113,0.643478
37115,0.4453005
37116,0.6062133
37117,0.5264235
37118,0.631534
37122,0.5950055
37123,0.34604612
37126,0.612165
37128,0.5605088
37129,0.6192238
37131,0.70087814
37135,0.41932628
37139,0.29059213
37140,0.43396664
37142,0.33265463
37148,0.6841713
37149,0.22944844
37156,0.48692638
37164,0.6492779
37170,0.37164646
37171,0.02966252
37173,0.3546051
37175,0.5920082
37183,0.5945368
37184,0.64108944
37185,0.6271812
37186,0.58483577
37188,0.5127358
37191,0.059998456
37196,0.28989434
37198,0.19826433
37199,0.31660876
37203,0.26666746
37204,0.16200861
37211,0.0059188074
37217,0.34225023
37218,0.15215601
37219,0.26208344
37223,0.30448052
37225,0.053370327
37226,0.08038376
37232,0.11605504
37241,0.32930526
37242,0.008168941
37248,0.43592963
37251,0.1736862
37252,0.31184423
37253,0.3779515
37258,0.30034578
37259,0.09451087
37261,0.017850269
37263,0.38089085
37264,0.29657975
37270,0.43153417
37275,0.13018084
37278,0.35539094
37279,0.01688074
37285,0.3365193
37293,0.10166683
37300,0.022481373
37302,0.14848837
37304,0.43756375
37306,0.3315011
37314,0.44471115
37316,0.1354474
37317,0.34430915
37320,0.20753324
37324,0.35734603
37325,0.43232015
37332,0.32684946
37333,0.42286232
37345,0.17396298
37350,0.30558756
37351,0.37994024
37353,0.37286195
37358,0.42634574
37360,0.3870513
37361,0.2704749
37363,0.43922454
37374,0.48031086
37376,0.34665847
37378,0.30929983
37381,0.27343443
37383,0.016475013
37386,0.08022152
37387,0.2555434
37389,0.33204964
37390,0.49445605
37392,0.035476737
37394,0.3700103
37396,0.6165217
37409,0.4260686
37410,0.20100363
37412,0.31264338
37414,0.0074799825
37419,0.0045746653
37420,0.23000371
37428,0.43706474
37429,0.34481817
37430,0.028763905
37431,0.2268831
37432,0.44931874
37433,0.43706474
37434,0.19148621
37437,0.41361392
37439,0.4582176
37445,0.37033936
37446,0.3381489
37449,0.57132953
37453,0.27420288
37454,0.19263195
37459,0.22863647
37460,0.264556
37463,0.27705464
37466,0.48101935
37478,0.19893348
37481,0.3634769
37485,0.25637004
37486,0.46756604
37487,0.42705026
37489,0.008658663
37490,0.5093504
37496,0.06595311
37499,0.38958946
37501,0.4402857
37506,0.39962175
37507,0.33823755
37510,0.39567444
37513,0.3522568
37519,0.48936027
37521,0.3370553
37526,0.22869496
37527,0.2681423
37534,0.3079738
37535,0.17322962
37536,0.20628038
37549,0.20734394
37552,0.267427
37557,0.49794537
37561,0.44870296
37563,0.31044558
37566,0.24791357
37570,0.23134871
37572,0.31579408
37576,0.30086407
37582,0.21192028
37588,0.019568548
37590,0.017650109
37593,0.36543617
37597,0.33744657
37605,0.4096869
37612,0.48437765
37615,0.28822955
37617,0.015592069
37620,0.34856868
37623,0.44884253
37625,0.41617525
37626,0.47123295
37635,0.040646426
37636,0.4301815
37641,0.54379976
37647,0.38112214
37648,0.015500183
37653,0.005028161
37656,0.009411527
37657,0.3328481
37661,0.38459882
37663,0.49298713
37666,0.47756594
37671,0.41575536
37675,0.5625394
37681,0.3667243
37688,0.39260966
37690,0.30140382
37692,0.37661135
37696,0.336336
37698,0.3399009
37699,0.4251803
37701,0.3500169
37709,0.45827138
37711,0.030061962
37713,0.36680767
37714,0.093157016
37717,0.0033736164
37728,0.35566977
37729,0.38192442
37730,0.4515001
37731,0.28923956
37734,0.01615623
37736,0.4725822
37738,0.38429904
37740,0.009820657
37741,0.4386581
37746,0.5124384
37756,0.042695265
37757,0.009046574
37761,0.30810627
37762,0.2685901
37763,0.19111183
37766,0.20761639
37767,0.0074770562
37774,0.4267362
37777,0.007693303
37778,0.37882373
37781,0.40141806
37788,0.28433314
37789,0.3126486
37795,0.21998784
37799,0.04068849
37801,0.03324091
37804,0.31533608
37807,0.2982065
37812,0.0042926264
37814,0.0033868027
37815,0.09040155
37819,0.014312079
37821,0.02693434
37823,0.26194584
37825,0.26194584
37828,0.35366705
37829,0.25872645
37833,0.3120442
37835,0.13648397
37844,0.37862733
37848,0.4191582
37849,0.3840553
37854,0.32638577
37856,0.399734
37859,0.3351773
37865,0.34275645
37868,0.36197913
37873,0.15547396
37877,0.2757918
37878,0.0060202084
37881,0.31256792
37883,0.24784906
37884,0.24519902
37885,0.0022876868
37894,0.31044513
37895,0.33092713
37898,0.32848227
37899,0.31822667
37904,0.39471304
37905,0.3942779
37916,0.17745665
37925,0.2700515
37929,0.3897057
37931,0.30745748
37933,0.0074827727
37938,0.025228802
37940,0.8091115
37947,0.1738153
37948,0.24939671
37951,0.37034371
37959,0.04730846
37965,0.012329531
37967,0.41697526
37973,0.26429215
37975,0.008562447
37980,0.26826125
37984,0.0047904523
37989,0.21568322
37990,0.011369885
37994,0.00745338
37995,0.22347549
37996,0.28038478
38000,0.452767
38001,0.35949355
38003,0.3754518
38006,0.039791964
38007,0.016200904
38008,0.013479083
38015,0.4845347
38017,0.39803272
38026,0.23964094
38029,0.22524188
38030,0.075372964
38038,0.007620435
38044,0.60901505
38046,0.25231358
38055,0.009481718
38062,0.017616367
38069,0.114681765
38071,0.0044136196
38072,0.22486322
38073,0.24338244
38076,0.23977503
38082,0.32162398
38085,0.28898
38086,0.29842043
38094,0.007881642
38098,0.18679018
38099,0.18426727
38102,0.2540345
38103,0.33411387
38104,0.2906249
38106,0.24210118
38107,0.2519826
38124,0.24851577
38126,0.30229804
38128,0.29883873
38129,0.36627248
38133,0.14875118
38139,0.2953343
38145,0.15101284
38146,0.36214113
38148,0.3237362
38152,0.48505315
38154,0.4134881
38156,0.10520941
38157,0.08964049
38158,0.10639012
38160,0.5408799
38164,0.30741158
38165,0.27464816
38168,0.57951564
38173,0.4516578
38175,0.50963306
38181,0.5243864
38183,0.48181638
38190,0.4311516
38192,0.068803236
38199,0.15737402
38200,0.2354951
38210,0.07253727
38213,0.5676796
38218,0.21244287
38222,0.3214752
38231,0.0037838377
38236,0.21634598
38241,0.31678534
38245,0.25687048
38248,0.23425642
38249,0.33982313
38254,0.19642922
38257,0.15991339
38262,0.01760256
38263,0.46522996
38264,0.48434234
38265,0.2083226
38266,0.25032267
38273,0.4131279
38275,0.41096526
38276,0.4252748
38277,0.25493667
38278,0.47882718
38280,0.29923064
38282,0.2491433
38290,0.4865251
38292,0.43557128
38295,0.49765265
38304,0.01654855
38309,0.47284847
38320,0.39382255
38323,0.3736705
38324,0.4253734
38330,0.53260833
38336,0.34161642
38337,0.32813966
38339,0.4512141
38344,0.2817562
38345,0.017867424
38350,0.32287493
38361,0.006574307
38363,0.46836048
38365,0.46634588
38372,0.41593736
38373,0.38617182
38376,0.55746084
38377,0.6023486
38378,0.4751191
38382,0.30614927
38389,0.36288843
38393,0.51052356
38399,0.50507253
38402,0.3884655
38408,0.35258466
38409,0.3485742
38424,0.4966848
38425,0.17479064
38429,0.37412798
38434,0.05434625
38443,0.16037466
38446,0.38555294
38452,0.46449175
38457,0.42623845
38459,0.34165713
38460,0.39870173
38466,0.08600184
38467,0.8881189
38469,0.35956827
38470,0.00453138
38478,0.5048423
38480,0.4934574
38490,0.5667403
38497,0.45520654
38502,0.39094356
38505,0.05530127
38514,0.43797487
38516,0.38739493
38520,0.103380285
38522,0.43185288
38524,0.46473882
38526,0.57715815
38536,0.42787975
38537,0.4579906
38540,0.38293976
38542,0.5596989
38547,0.43230736
38548,0.46406192
38549,0.44767147
38552,0.003966957
38554,0.11026976
38561,0.4591196
38565,0.4632054
38584,0.35024068
38585,0.33469772
38590,0.3256741
38592,0.2824175
38596,0.43384358
38597,0.38473144
38599,0.35202536
38601,0.35202536
38603,0.45708686
38604,0.4440539
38608,0.001
38611,0.36920702
38612,0.35682368
38614,0.4187256
38618,0.105150536
38623,0.37367555
38628,0.30417913
38633,0.03554841
38634,0.50842756
38637,0.05337211
38640,0.11933091
38642,0.44747213
38644,0.45389372
38649,0.019557366
38650,0.45520228
38651,0.38967115
38654,0.6528061
38657,0.22468795
38665,0.50741756
38668,0.49067354
38669,0.35808372
38671,0.011386631
38677,0.36000243
38685,0.42232025
38687,0.40654957
38689,0.88429147
38691,0.0254857
38693,0.41911858
38696,0.3661061
38697,0.02541459
38698,0.0041231653
38700,0.40974286
38704,0.10922796
38709,0.47631592
38710,0.2434217
38714,0.37125114
38715,0.40442124
38716,0.5331671
38717,0.2197359
38719,0.38967115
38720,0.26861522
38723,0.61076766
38727,0.009352811
38729,0.009737359
38734,0.4099418
38737,0.42518532
38743,0.0025744692
38744,0.4951111
38747,0.68761
38751,0.40411624
38752,0.008563382
38755,0.01229162
38756,0.3759212
38757,0.006869449
38761,0.016389398
38763,0.0045363232
38768,0.6323412
38770,0.35223427
38775,0.3652471
38779,0.47495577
38784,0.47301793
38787,0.104183726
38800,0.5222507
38801,0.31045282
38806,0.5262773
38807,0.58661306
38812,0.53137386
38814,0.41837066
38815,0.46229213
38819,0.38725108
38820,0.30921912
38821,0.4774908
38824,0.4648748
38828,0.12166103
38830,0.45930505
38834,0.39569533
38842,0.4887401
38844,0.47280413
38845,0.29641223
38847,0.3878191
38852,0.41962492
38863,0.35824808
38865,0.43387884
38867,0.45458248
38868,0.45458248
38869,0.41321564
38872,0.26281872
38873,0.43755236
38875,0.302217
38887,0.45474568
38896,0.506186
38898,0.40934515
38899,0.4989934
38900,0.06132415
38901,0.122261785
38906,0.3954395
38907,0.27135897
38908,0.027751885
38911,0.028796865
38915,0.27640596
38916,0.5026463
38918,0.49685854
38920,0.4838144
38921,0.23941037
38922,0.47833636
38924,0.1236764
38929,0.3301859
38930,0.32199258
38931,0.47132078
38936,0.34865183
38938,0.5549923
38942,0.3951032
38946,0.004711401
38948,0.019958096
38949,0.44822654
38962,0.40759283
38963,0.20996943
38964,0.14049214
38970,0.44930497
38971,0.41007063
38972,0.3600721
38978,0.3817527
38981,0.3251599
38988,0.008509685
38990,0.3991534
38994,0.22322938
39000,0.027305413
39003,0.42607918
39004,0.27528724
39007,0.3909691
39011,0.34265363
39013,0.031858172
39014,0.64169705
39017,0.0040247063
39018,0.47076064
39019,0.92299837
39024,0.022448884
39025,0.42298687
39030,0.44952872
39031,0.46650153
39032,0.3550182
39047,0.029771945
39048,0.40871802
39051,0.36161542
39057,0.3588225
39062,0.41927436
39070,0.5716231
39073,0.4310114
39075,0.524037
39077,0.39070615
39083,0.88894475
39091,0.40621376
39094,0.018784035
39095,0.33284003
39101,0.44535738
39103,0.03215715
39104,0.585227
39115,0.08158361
39119,0.43966207
39120,0.45319185
39125,0.5174761
39126,0.4703007
39127,0.3769934
39132,0.44961572
39134,0.47891477
39142,0.026910767
39143,0.018543258
39146,0.47552806
39148,0.021623604
39149,0.42778966
39155,0.03091959
39157,0.4985392
39158,0.33932775
39161,0.21119036
39162,0.45413032
39168,0.39545992
39172,0.50098395
39175,0.47143057
39179,0.4245834
39180,0.3739327
39182,0.20312403
39184,0.39226282
39185,0.3881099
39187,0.32918042
39189,0.25846556
39190,0.30939987
39197,0.40036735
39202,0.0032715783
39207,0.4214723
39211,0.29092896
39212,0.26842478
39215,0.30000663
39219,0.24779461
39223,0.24605118
39224,0.06792655
39240,0.33496627
39244,0.3835906
39252,0.50805575
39253,0.021255773
39256,0.38638255
39262,0.3351012
39273,0.47557822
39278,0.3843941
39283,0.004389493
39290,0.40111175
39298,0.28089562
39302,0.34167486
39303,0.42809042
39310,0.2277457
39311,0.2836138
39316,0.48802984
39317,0.3265736
39327,0.48095614
39331,0.31169662
39333,0.012457858
39336,0.29093334
39338,0.016716016
39340,0.29928276
39343,0.37779567
39348,0.5817684
39358,0.003507266
39363,0.48374903
39364,0.56983125
39376,0.29533452
39378,0.39054033
39381,0.0062982077
39390,0.5656903
39391,0.5368666
39393,0.3300887
39396,0.080205455
39400,0.29064432
39401,0.34210122
39406,0.37972292
39407,0.25414538
39411,0.45575428
39412,0.261884
39416,0.31877366
39418,0.31850532
39420,0.3175542
39421,0.31071177
39430,0.33047825
39432,0.4789261
39434,0.5365678
39438,0.4223341
39439,0.00840621
39444,0.5475528
39447,0.028861323
39449,0.25240672
39451,0.40272722
39452,0.5244339
39456,0.55563194
39457,0.38782972
39468,0.43575284
39469,0.45208123
39474,0.27963144
39483,0.44626057
39490,0.27255434
39493,0.25758865
39494,0.29419515
39498,0.54482967
39502,0.47048625
39504,0.5388836
39505,0.3144302
39511,0.41887364
39513,0.103949726
39516,0.023901114
39520,0.3510149
39523,0.4666346
39525,0.0038696849
39532,0.16783118
39533,0.3383429
39535,0.35621613
39537,0.25773245
39542,0.48887345
39543,0.007892585
39545,0.4667529
39551,0.18602173
39552,0.080492675
39553,0.43557733
39557,0.6031458
39568,0.3399698
39573,0.4049555
39576,0.47478312
39578,0.5096424
39579,0.4481953
39587,0.6758735
39589,0.47873822
39594,0.2673486
39600,0.47649518
39613,0.49823675
39617,0.055444762
39620,0.06672279
39622,0.4791433
39625,0.5030522
39627,0.42769447
39635,0.46537203
39637,0.050967276
39641,0.31603128
39642,0.50388616
39643,0.50388616
39644,0.50388616
39645,0.42851132
39649,0.5119851
39651,0.48688275
39652,0.50760114
39656,0.43512112
39659,0.4586571
39669,0.30627054
39671,0.002783154
39673,0.1886505
39675,0.265806
39676,0.3087251
39677,0.024176098
39678,0.034005143
39684,0.33603215
39685,0.52357835
39687,0.2608849
39693,0.5363695
39697,0.32958758
39698,0.54036343
39705,0.52056307
39710,0.10264216
39719,0.33888802
39721,0.66180754
39725,0.3934672
39730,0.23979113
39735,0.34730357
39737,0.45729208
39739,0.45729208
39740,0.45729208
39742,0.14184044
39743,0.39122382
39752,0.56271845
39754,0.45908692
39758,0.3183903
39761,0.36246836
39762,0.3853271
39763,0.3205761
39769,0.30502835
39770,0.49875426
39772,0.66031414
39773,0.24162388
39782,0.63216126
39784,0.70214146
39785,0.4071335
39787,0.36612168
39790,0.020405266
39798,0.33710995
39800,0.34282684
39801,0.058735862
39802,0.437982
39811,0.7326245
39814,0.053930152
39817,0.3851976
39825,0.6417864
39827,0.6493535
39828,0.5808908
39832,0.5743578
39833,0.6705669
39846,0.5526268
39848,0.43053564
39851,0.40101606
39854,0.019030033
39856,0.55205595
39857,0.55205595
39858,0.47355157
39860,0.5997575
39861,0.57250434
39862,0.5571196
39865,0.60157853
39868,0.5231961
39874,0.43224803
39876,0.25802687
39878,0.48500884
39879,0.37921214
39883,0.2280857
39886,0.2662455
39888,0.05126138
39890,0.20925668
39894,0.4255739
39895,0.029549384
39896,0.41697425
39899,0.3116338
39904,0.45460078
39907,0.4914535
39909,0.44555405
39918,0.51904726
39919,0.29776955
39922,0.46463308
39923,0.4775767
39924,0.5267502
39929,0.54763716
39935,0.013756429
39936,0.013864151
39941,0.5501051
39947,0.591808
39952,0.62973887
39959,0.05450394
39970,0.70101506
39975,0.7527033
39978,0.5327448
39981,0.57451224
39983,0.17832777
39991,0.401751
39992,0.05487938
39993,0.05122768
40004,0.57921994
40007,0.41088006
40009,0.6375608
40011,0.36629236
40027,0.5948053
40032,0.6497252
40033,0.45102972
40036,0.62391704
40037,0.698121
40038,0.6405188
40049,0.7153295
40050,0.3149516
40054,0.66808826
40056,0.43389997
40058,0.28703815
40059,0.37831545
40060,0.4287489
40061,0.9114579
40063,0.021044493
40066,0.6102598
40078,0.60042053
40081,0.034322612
40094,0.765992
40095,0.16632849
40098,0.152747
40099,0.042865466
40101,0.03730374
40103,0.046409838
40107,0.6802724
40110,0.34155092
40111,0.32679334
40114,0.7628633
40118,0.035284314
40122,0.33473384
40123,0.16138723
40124,0.10233311
40128,0.006468909
40132,0.041275874
40134,0.439826
40135,0.4385595
40136,0.7653772
40138,0.7518107
40139,0.37150764
40147,0.7058428
40149,0.6804669
40151,0.034352403
40155,0.20146714
40157,0.27087563
40158,0.27087563
40159,0.27919215
40163,0.6421414
40167,0.77455205
40168,0.69849247
40170,0.2846319
40171,0.050935
40173,0.3240873
40176,0.053454094
40190,0.014353785
40194,0.7053067
40195,0.34799266
40199,0.33546478
40203,0.32392418
40208,0.58555245
40212,0.7099556
40217,0.2615262
40219,0.34690255
40221,0.014316519
40224,0.5656561
40225,0.67222154
40226,0.177605
40230,0.40819898
40232,0.01858966
40235,0.31496212
40237,0.0029592686
40238,0.566146
40242,0.44267106
40243,0.48483267
40245,0.45804137
40248,0.4329681
40249,0.4027075
40251,0.37479547
40252,0.054752972
40253,0.2461512
40255,0.36182746
40258,0.3608656
40263,0.12840028
40272,0.055031948
40276,0.060402665
40279,0.08206935
40280,0.08063207
40287,0.6915051
40288,0.49114665
40289,0.675784
40296,0.3417396
40302,0.2888917
40308,0.09476392
40309,0.048148267
40311,0.06599171
40314,0.055577114
40315,0.0048901998
40318,0.49829352
40321,0.6499102
40324,0.38248643
40329,0.33196908
40331,0.030512778
40332,0.36640826
40335,0.0036122734
40341,0.05199483
40342,0.38289124
40354,0.14723049
40355,0.011529677
40361,0.38353375
40371,0.4559792
40375,0.33741307
40383,0.6380229
40389,0.1178157
40391,0.06362924
40397,0.32999006
40400,0.6936106
40403,0.557379
40410,0.38184828
40418,0.4105244
40422,0.3899857
40426,0.01515789
40428,0.34650475
40430,0.347707
40438,0.051838167
40440,0.5797389
40442,0.014688947
40449,0.2585127
40459,0.26643717
40463,0.38086003
40464,0.40778694
40466,0.41372326
40467,0.4108219
40468,0.38276765
40472,0.4025652
40475,0.48189852
40485,0.114769556
40491,0.14596656
40494,0.25675997
40499,0.65629786
40500,0.21910718
40504,0.37352306
40514,0.40197474
40515,0.317118
40518,0.4306343
40520,0.34009522
40521,0.2741325
40522,0.2741325
40531,0.23825489
40539,0.1662353
40543,0.28989625
40545,0.28614852
40546,0.23896216
40549,0.3432351
40551,0.32698897
40552,0.02144638
40553,0.32838494
40556,0.7940058
40557,0.5587819
40558,0.4051331
40568,0.41961965
40569,0.7432262
40574,0.77273583
40575,0.02158362
40576,0.67492795
40577,0.68359035
40579,0.7904613
40588,0.6954885
40589,0.19734816
40591,0.78384054
40599,0.46365175
40600,0.4351372
40601,0.06470662
40612,0.42999512
40613,0.52450365
40614,0.7008296
40615,0.51701313
40619,0.6567281
40626,0.20923091
40627,0.17753085
40628,0.22486411
40634,0.25307977
40637,0.0159932
40641,0.5372092
40642,0.6150114
40647,0.7317937
40648,0.57821476
40654,0.018687276
40658,0.3785037
40663,0.253273
40666,0.23272386
40669,0.5489705
40671,0.459741
40673,0.46726996
40674,0.48827878
40677,0.4895724
40687,0.7077956
40691,0.37043205
40695,0.38401073
40698,0.71384114
40704,0.48064902
40706,0.67791253
40708,0.66327566
40710,0.31123385
40711,0.31123385
40714,0.37670007
40719,0.07373905
40720,0.25125164
40735,0.4565054
40737,0.46198326
40740,0.025860991
40745,0.022476641
40753,0.36398217
40754,0.4994033
40757,0.5021603
40759,0.4943871
40767,0.74696773
40768,0.75626284
40769,0.8250122
40773,0.48778635
40774,0.31578365
40783,0.3363846
40784,0.39830574
40785,0.32750502
40786,0.6373189
40790,0.479092
40791,0.479092
40793,0.30719617
40795,0.39016426
40799,0.232571
40801,0.4566881
40806,0.4140066
40812,0.21970655
40813,0.36332947
40816,0.423429
40819,0.6519408
40824,0.3967444
40826,0.5724398
40827,0.4469303
40829,0.51124436
40830,0.32546002
40832,0.45123604
40840,0.5580797
40841,0.600471
40842,0.4218727
40845,0.29705802
40846,0.46244213
40847,0.61772084
40848,0.39378253
40851,0.43600845
40853,0.56326467
40855,0.6505695
40861,0.43168658
40864,0.58276844
40865,0.53797895
40866,0.53797895
40868,0.55476505
40869,0.5023993
40873,0.37827677
40874,0.34527552
40878,0.077515334
40884,0.005225784
40889,0.022103997
40890,0.45350876
40892,0.6354276
40894,0.42052847
40896,0.5677718
40899,0.6315498
40909,0.44038182
40910,0.6412656
40913,0.58853316
40918,0.33731803
40928,0.50338733
40930,0.4260977
40946,0.2795183
40949,0.41774896
40952,0.09070148
40953,0.39824814
40955,0.5509386
40956,0.36670396
40959,0.45969036
40970,0.61599237
40971,0.43681812
40972,0.3216138
40973,0.535006
40974,0.4026419
40975,0.67513597
40978,0.6781571
40984,0.70786166
40992,0.7893511
40993,0.013739412
40994,0.07699504
40999,0.30775088
41004,0.5238591
41008,0.28609967
41012,0.3903836
41013,0.2782678
41014,0.25114304
41019,0.3739949
41020,0.2999968
41022,0.29269132
41023,0.31661397
41025,0.54689735
41027,0.5930484
41032,0.56972057
41033,0.75191265
41038,0.66987544
41039,0.70576704
41040,0.2943894
41043,0.27669838
41051,0.27239844
41054,0.29228818
41055,0.2619117
41058,0.31142065
41060,0.5518863
41062,0.5789963
41063,0.53697217
41072,0.6131499
41073,0.66767734
41078,0.5976768
41083,0.65901995
41084,0.44222513
41086,0.4533967
41087,0.3809903
41088,0.6329636
41092,0.024832973
41095,0.35032034
41096,0.49586144
41098,0.50190246
41102,0.08792522
41105,0.025024612
41113,0.4144652
41114,0.4536365
41116,0.50021315
41120,0.33622012
41128,0.30714864
41129,0.2986935
41141,0.729918
41142,0.69952345
41144,0.64458555
41146,0.64458555
41147,0.28942114
41148,0.6956931
41154,0.61992747
41159,0.63167524
41167,0.67615235
41169,0.47392836
41170,0.31713337
41174,0.33745006
41176,0.33700326
41177,0.33700326
41178,0.6231732
41181,0.7019967
41183,0.721413
41187,0.013682365
41192,0.7654285
41195,0.012029903
41208,0.37212482
41213,0.090454414
41214,0.47650352
41221,0.009641198
41224,0.6451865
41229,0.686481
41233,0.5764198
41236,0.5543434
41240,0.16135141
41241,0.011768279
41247,0.71531916
41249,0.3816812
41250,0.4719134
41251,0.3135635
41253,0.35450622
41257,0.35317618
41259,0.6156331
41262,0.54365396
41263,0.35023147
41268,0.30720982
41271,0.6821537
41273,0.73747647
41274,0.26651484
41278,0.01195529
41283,0.6728092
41287,0.30210766
41289,0.30703545
41295,0.35322517
41299,0.30002317
41300,0.2857246
41304,0.68055576
41310,0.68094265
41313,0.14657922
41321,0.3581077
41326,0.48778635
41335,0.28200307
41340,0.35280478
41341,0.0247515
41345,0.32698223
41346,0.35007554
41348,0.024031462
41352,0.33872226
41353,0.45006153
41354,0.3426467
41361,0.34326145
41369,0.356712
41373,0.25712726
41374,0.6736261
41382,0.68815374
41389,0.69334704
41390,0.052259486
41395,0.6267339
41397,0.70481384
41404,0.7457025
41408,0.609323
41418,0.3182758
41419,0.7387099
41420,0.29464865
41421,0.23757102
41423,0.26526445
41426,0.24205291
41431,0.6853993
41433,0.74540216
41434,0.7564016
41441,0.71720237
41446,0.49612674
41451,0.28144214
41453,0.3589154
41457,0.5833677
41458,0.32556772
41460,0.44031894
41463,0.44227263
41465,0.25553507
41468,0.6926455
41469,0.6457958
41476,0.4337283
41477,0.7093376
41480,0.30028877
41482,0.6801531
41484,0.4141715
41487,0.4992923
41490,0.045346685
41493,0.036315355
41496,0.71468645
41501,0.47459388
41502,0.7279017
41507,0.06719923
41509,0.7372666
41514,0.28941473
41517,0.30688602
41519,0.43571594
41526,0.026814712
41531,0.49812037
41536,0.2766936
41540,0.26801732
41542,0.33828005
41543,0.5767752
41547,0.3891003
41551,0.06520713
41562,0.012305225
41563,0.011425247
41566,0.027076762
41573,0.22994323
41575,0.30941376
41577,0.41165507
41578,0.30941376
41583,0.0028240855
41588,0.022376435
41592,0.56565017
41593,0.6939679
41596,0.0382592
41597,0.38700426
41598,0.32807294
41606,0.466221
41610,0.5980589
41614,0.064418785
41615,0.16114275
41621,0.532326
41622,0.010594329
41624,0.6800051
41628,0.09660995
41633,0.32257462
41634,0.28459555
41635,0.115766175
41637,0.007715237
41640,0.006251702
41642,0.59769744
41644,0.0066101085
41646,0.0070020114
41648,0.5497493
41649,0.60429937
41650,0.6965643
41653,0.17384367
41660,0.011212019
41661,0.22514792
41662,0.30965546
41673,0.1525545
41674,0.23067644
41675,0.2136788
41684,0.21621479
41693,0.30077183
41694,0.16831873
41704,0.33584824
41706,0.4906201
41707,0.45826036
41708,0.3703426
41710,0.22426483
41715,0.31533667
41720,0.23205681
41723,0.008605075
41725,0.1858697
41727,0.20196293
41730,0.16370474
41731,0.1931609
41759,0.4231323
41763,0.43491125
41764,0.38511065
41766,0.2824794
41767,0.43491125
41768,0.29213768
41770,0.049431734
41775,0.26129633
41776,0.44071496
41782,0.096129514
41786,0.036812387
41787,0.6370135
41789,0.6282707
41797,0.5568695
41806,0.36775
41807,0.1496566
41810,0.06437262
41812,0.35485172
41815,0.19704181
41816,0.110961996
41819,0.08497541
41822,0.5481489
41826,0.5846423
41828,0.43308908
41830,0.123072475
41831,0.05614403
41832,0.03944988
41834,0.061929233
41837,0.041084953
41838,0.638611
41840,0.5027074
41841,0.55132365
41845,0.09861544
41846,0.11938493
41849,0.102830015
41851,0.14025502
41855,0.14627624
41859,0.100891404
41861,0.15780579
41865,0.12750815
41868,0.10816966
41878,0.311247
41884,0.31839296
41891,0.0114925485
41899,0.6490634
41901,0.45474774
41904,0.6530395
41906,0.6606942
41909,0.6442855
41911,0.42111707
41914,0.043990076
41916,0.44427893
41917,0.026847083
41918,0.012170692
41922,0.34501824
41931,0.6322597
41933,0.2674323
41936,0.18631849
41940,0.06105069
41941,0.4062778
41946,0.23638608
41947,0.3975921
41949,0.5598371
41952,0.5201569
41953,0.5630669
41958,0.59827787
41969,0.46319368
41971,0.32112712
41973,0.29997322
41974,0.31964824
41989,0.5379766
41990,0.39386517
41992,0.35984504
42000,0.36383608
42002,0.29806402
42003,0.26902857
42006,0.32507893
42009,0.31718022
42011,0.59216166
42012,0.3498864
42017,0.3439298
42020,0.694019
42022,0.7661727
42023,0.34597203
42026,0.3529562
42027,0.3062123
42031,0.29377586
42034,0.3165279
42040,0.58858734
42046,0.6663181
42047,0.6447715
42048,0.37947726
42072,0.09943635
42073,0.7409569
42076,0.6938652
42083,0.68990064
42086,0.7001561
42091,0.71945333
42098,0.0024299312
42101,0.29012075
42104,0.29012075
42105,0.0056018094
42108,0.10377818
42118,0.06504347
42121,0.060338058
42123,0.049843464
42133,0.024509426
42134,0.022376435
42155,0.022531217
42156,0.022531217
42157,0.023240069
42159,0.37704113
42161,0.40014264
42166,0.5191139
42170,0.6272772
42171,0.64558804
42172,0.19363932
42175,0.40348616
42176,0.45095253
42187,0.024092734
42191,0.012565812
42198,0.006273067
42205,0.64558804
42208,0.51210153
42216,0.54609907
42221,0.2295176
42224,0.34661338
42227,0.3227308
42236,0.4681575
42238,0.018077752
42239,0.5226401
42240,0.4095967
42242,0.37022564
42247,0.4172769
42251,0.6264621
42252,0.4189907
42255,0.47759432
42256,0.18978927
42257,0.24646863
42260,0.45741487
42266,0.4859401
42267,0.0053276853
42268,0.4764865
42269,0.39474174
42272,0.28583258
42273,0.2672695
42280,0.5085552
42300,0.59539574
42302,0.5652253
42307,0.47395697
42308,0.62997854
42313,0.6249111
42323,0.028065762
42328,0.32771355
42330,0.5604435
42331,0.59431154
42336,0.49491334
42337,0.46056756
42338,0.46956518
42346,0.6616662
42350,0.7162066
42352,0.47149473
42353,0.6479737
42356,0.0625227
42359,0.22290346
42365,0.7991519
42370,0.6352504
42371,0.65602297
42372,0.48192245
42376,0.7178052
42380,0.5851755
42381,0.63589984
42382,0.6221655
42383,0.63589984
42395,0.19165093
42396,0.21592098
42397,0.6942727
42402,0.27772823
42403,0.23039904
42404,0.2463672
42406,0.49589127
42408,0.024179805
42412,0.2815959
42415,0.34677777
42418,0.6015238
42425,0.5271044
42427,0.43007615
42434,0.7704934
42445,0.6164167
42447,0.6782752
42451,0.44289583
42452,0.3944206
42457,0.6115677
42460,0.5400036
42468,0.5974073
42469,0.08337429
42472,0.67823076
42480,0.7066606
42483,0.6675107
42484,0.0077259806
42488,0.0097154975
42492,0.2555329
42496,0.009087317
42498,0.3749695
42503,0.27292886
42507,0.31564993
42508,0.5315137
42510,0.22863138
42513,0.6705135
42514,0.66739684
42515,0.5568205
42516,0.68825257
42521,0.6830023
42522,0.754993
42525,0.6784645
42528,0.012637611
42529,0.68912375
42532,0.63953674
42533,0.72097856
42536,0.7752499
42537,0.7146991
42538,0.66554415
42544,0.29052615
42545,0.21090545
42547,0.2692765
42549,0.7883075
42550,0.6112856
42554,0.23318002
42559,0.0020093159
42561,0.6357711
42562,0.71972144
42563,0.65796494
42566,0.65796494
42575,0.46953988
42577,0.3900969
42579,0.2996994
42581,0.36811417
42583,0.71368766
42586,0.73419183
42587,0.75518066
42588,0.70490134
42591,0.35329232
42602,0.4230484
42611,0.25408468
42615,0.78603226
42617,0.8238857
42623,0.3734449
42630,0.73477274
42638,0.37321728
42642,0.47713676
42645,0.17198977
42649,0.6940267
42652,0.5579291
42657,0.28634286
42660,0.004648032
42664,0.64545804
42666,0.67283535
42668,0.22724491
42672,0.49821752
42677,0.79494447
42679,0.007250198
42680,0.0016242045
42682,0.6991446
42684,0.67121196
42689,0.0019658997
42690,0.008537685
42691,0.5006653
42695,0.5643965
42709,0.7048144
42719,0.4049311
42727,0.6595936
42729,0.6930737
42743,0.470042
42744,0.56824416
42749,0.6911445
42753,0.007178758
42754,0.77084655
42755,0.69869524
42756,0.34994963
42757,0.57786614
42758,0.57786614
42759,0.57479155
42762,0.042091392
42772,0.44025347
42773,0.49629274
42775,0.2585871
42778,0.002148296
42781,0.00199396
42782,0.010229929
42787,0.28665158
42789,0.30623913
42792,0.38285056
42796,0.43875712
42815,0.688457
42817,0.4651951
42818,0.6748779
42819,0.7119513
42822,0.66225743
42830,0.6048338
42833,0.6629662
42835,0.6461987
42842,0.69391996
42844,0.6049056
42847,0.79371434
42855,0.0015377436
42857,0.7164745
42860,0.9120736
42861,0.3517246
42862,0.2661184
42863,0.53083163
42864,0.67380923
42866,0.2882424
42868,0.0728476
42874,0.60131747
42875,0.5938004
42879,0.75935835
42881,0.42411432
42882,0.6305788
42890,0.8506368
42891,0.80197585
42892,0.6786669
42894,0.67299855
42895,0.5587672
42896,0.73847586
42897,0.6617262
42898,0.69372827
42903,0.61519885
42912,0.43862048
42914,0.44036546
42915,0.5955573
42919,0.5088961
42921,0.76141155
42923,0.2124828
42926,0.51842064
42927,0.7215726
42929,0.031272855
42932,0.58429325
42935,0.0651578
42938,0.17839268
42939,0.04868046
42941,0.0019116675
42942,0.71729267
42948,0.49574968
42951,0.7221593
42952,0.8017038
42959,0.7418957
42963,0.81468046
42966,0.30167168
42969,0.46483
42971,0.24533859
42973,0.016707586
42977,0.5223855
42979,0.482267
42985,0.25458747
42989,0.35236362
42990,0.27654016
42998,0.49735558
43001,0.67440337
43004,0.72380316
43007,0.27076817
43008,0.31771576
43009,0.42162636
43011,0.74554795
43013,0.39885005
43020,0.72763026
43022,0.65357953
43031,0.008268352
43032,0.23044915
43037,0.6990604
43038,0.26305103
43040,0.5735675
43043,0.5305957
43045,0.6973408
43053,0.5495335
43065,0.3408595
43068,0.03418888
43070,0.82253873
43072,0.040560756
43074,0.34531668
43077,0.03656742
43080,0.46172088
43081,0.7071222
43091,0.9503684
43092,0.293179
43095,0.096728064
43096,0.49983168
43098,0.53170973
43101,0.80648184
43105,0.8261612
43109,0.3298812
43110,0.70189786
43115,0.3959909
43117,0.34576926
43118,0.4457837
43121,0.0025909683
43122,0.0077570155
43127,0.6817188
43130,0.7420206
43132,0.006604112
43138,0.0077805915
43140,0.6363151
43143,0.016730295
43146,0.65759367
43151,0.37396508
43153,0.34576434
43157,0.62431717
43160,0.6835486
43162,0.7490658
43165,0.7451564
43169,0.041396942
43171,0.002970157
43172,0.0040910724
43174,0.75678545
43179,0.40908936
43180,0.043755308
43182,0.043266553
43190,0.5745381
43191,0.3057386
43192,0.62685776
43195,0.24653645
43196,0.026946759
43203,0.5155908
43206,0.44919398
43207,0.30695704
43208,0.5245389
43217,0.28433833
43229,0.6386038
43230,0.4519958
43237,0.6337268
43244,0.78379416
43251,0.7795999
43252,0.7153603
43257,0.6855232
43262,0.754618
43263,0.57102853
43266,0.30843756
43267,0.5580941
43269,0.2239302
43270,0.55550843
43273,0.5190544
43274,0.60813093
43277,0.020341925
43286,0.2660132
43290,0.002942866
43295,0.33993945
43301,0.539834
43303,0.07108331
43305,0.2534558
43306,0.70010805
43309,0.4760569
43317,0.29161093
43319,0.15671515
43324,0.3832922
43325,0.31989202
43326,0.6484108
43330,0.6952699
43335,0.67433375
43336,0.38150373
43338,0.036232926
43340,0.31227565
43341,0.43362826
43346,0.75184846
43349,0.008374203
43358,0.7710916
43360,0.59423983
43364,0.7416119
43366,0.7225407
43382,0.26914024
43384,0.2985958
43385,0.15343885
43386,0.006692096
43389,0.051120993
43392,0.0068156864
43394,0.19055817
43399,0.7048011
43405,0.32630807
43412,0.6491808
43415,0.6619351
43416,0.7156122
43420,0.7343932
43423,0.7896324
43426,0.18717171
43427,0.043610085
43436,0.7441363
43438,0.74474907
43439,0.18019548
43443,0.009770981
43447,0.39808342
43448,0.24353936
43449,0.60679495
43450,0.34093252
43468,0.8227584
43474,0.72218215
43476,0.74483967
43477,0.3938216
43478,0.31930742
43479,0.30722374
43490,0.43071324
43492,0.648474
43495,0.20659304
43501,0.0070570186
43502,0.29282552
43511,0.6564319
43512,0.0067923055
43513,0.67504764
43517,0.033217475
43521,0.63011676
43524,0.7029822
43538,0.3708461
43541,0.30138472
43547,0.0129066445
43550,0.22758938
43556,0.72895586
43562,0.023830032
43568,0.81064665
43570,0.22089656
43580,0.45434937
43587,0.41139504
43592,0.6626028
43597,0.28196248
43600,0.35714447
43603,0.26415414
43605,0.6678793
43616,0.586844
43621,0.59620154
43625,0.63408965
43634,0.5931496
43643,0.011778843
43644,0.4769922
43650,0.6577124
43651,0.25265363
43655,0.016130874
43658,0.023846593
43659,0.69647944
43666,0.63979656
43667,0.44965264
43669,0.5115752
43670,0.75264657
43672,0.7148879
43676,0.027905172
43677,0.64418596
43678,0.6618024
43679,0.60820246
43680,0.70861554
43683,0.6782159
43684,0.6782159
43689,0.5656741
43691,0.10068943
43694,0.1203137
43695,0.72895586
43696,0.108857
43700,0.1802188
43711,0.65496296
43714,0.011828388
43715,0.64938563
43721,0.60172445
43726,0.64938563
43727,0.3606041
43731,0.101254106
43735,0.75631076
43736,0.71211886
43737,0.6127145
43741,0.082137786
43743,0.00559473
43744,0.28778374
43758,0.050673027
43760,0.6934354
43763,0.25529978
43765,0.70347214
43766,0.6779664
43772,0.6765927
43773,0.62516373
43774,0.58363193
43777,0.7974701
43778,0.63743407
43779,0.08957247
43783,0.2504343
43786,0.023442099
43792,0.72087413
43793,0.64647
43794,0.0068477327
43798,0.03496629
43800,0.26607606
43802,0.267665
43811,0.40260518
43813,0.16436502
43815,0.008521478
43817,0.67441523
43829,0.10143399
43831,0.69985867
43833,0.042798873
43841,0.7498955
43844,0.012100101
43848,0.6548517
43851,0.7264162
43853,0.2030596
43855,0.88381517
43856,0.88381517
43858,0.8038853
43865,0.8879808
43870,0.041536864
43871,0.041591454
43872,0.0044995095
43876,0.7687444
43877,0.8164651
43879,0.41572323
43881,0.7916781
43882,0.8186715
43886,0.8448888
43892,0.83795244
43894,0.6421836
43897,0.8976733
43902,0.753743
43911,0.85338134
43912,0.84858286
43916,0.5512424
43923,0.76408416
43924,0.65102875
43928,0.209787
43931,0.76035714
43938,0.525799
43939,0.82013875
43941,0.82013875
43945,0.28037694
43952,0.0047588344
43956,0.79428047
43957,0.0260373
43958,0.56777245
43961,0.6798754
43964,0.5553113
43965,0.767603
43966,0.8635262
43969,0.58475006
43974,0.7452008
43975,0.057978727
43979,0.75923175
43981,0.03739461
43993,0.3989307
43994,0.42221764
43995,0.1751127
44004,0.49699897
44006,0.8030788
44012,0.5914411
44018,0.6089758
44022,0.7883331
44029,0.5850631
44030,0.664203
44031,0.49646935
44033,0.8611742
44036,0.767603
44038,0.6720261
44047,0.35470203
44053,0.34470123
44054,0.41977835
44055,0.4130847
44057,0.25611034
44063,0.63877267
44064,0.65456593
44066,0.64746267
44067,0.6722855
44068,0.3342563
44076,0.75247
44079,0.7413037
44081,0.7307981
44083,0.7966792
44085,0.747832
44086,0.68999827
44091,0.5928747
44092,0.20988189
44095,0.53852093
44099,0.63627994
44101,0.59384716
44112,0.3446919
44115,0.42151684
44119,0.7754216
44120,0.7874997
44125,0.7871635
44129,0.70641005
44130,0.66115266
44132,0.66848713
44133,0.62599945
44143,0.7221593
44148,0.43259782
44149,0.52828425
44151,0.15121132
44157,0.46426636
44158,0.41023213
44174,0.19581595
44176,0.283885
44177,0.6054916
44178,0.5808071
44179,0.59390914
44183,0.2832329
44186,0.7074741
44187,0.7996964
44191,0.68723357
44192,0.6766796
44195,0.52001184
44198,0.6762475
44201,0.3066974
44205,0.017219506
44206,0.58928794
44208,0.6070639
44209,0.58422226
44212,0.53479725
44215,0.6453198
44217,0.6081767
44218,0.6092992
44220,0.70307136
44229,0.500829
44235,0.724613
44236,0.75522333
44243,0.81125635
44245,0.76892227
44254,0.7487425
44269,0.63192934
44271,0.051084656
44275,0.48664582
44281,0.38592324
44282,0.7482807
44284,0.44261175
44286,0.7466475
44287,0.6595912
44290,0.76085955
44294,0.009985545
44296,0.6949876
44301,0.3341725
44303,0.010758132
44304,0.43443006
44318,0.695394
44321,0.61015016
44330,0.7618224
44331,0.3125173
44335,0.7569846
44341,0.003551012
44345,0.8307269
44354,0.5529395
44355,0.4629048
44356,0.47414005
44360,0.5496646
44362,0.65322083
44368,0.6922527
44371,0.6412036
44372,0.3718276
44373,0.5832324
44374,0.39897382
44381,0.28001413
44383,0.321113
44390,0.577665
44393,0.56791884
44397,0.6978142
44400,0.78859496
44401,0.08261809
44403,0.5336282
44405,0.36065814
44409,0.20864336
44410,0.3099487
44413,0.44408804
44414,0.019644758
44419,0.30505368
44424,0.39186504
44425,0.43664113
44429,0.7107454
44432,0.70869875
44436,0.055677317
44439,0.77353615
44443,0.72206354
44444,0.7204905
44445,0.43045214
44448,0.3732571
44451,0.061065517
44454,0.7213202
44455,0.61248654
44456,0.485025
44465,0.35427114
44468,0.047523025
44469,0.24374889
44475,0.2825197
44495,0.63758
44497,0.6571956
44502,0.31875813
44513,0.45259717
44514,0.87529385
44515,0.6231852
44516,0.009528217
44527,0.8592952
44529,0.6464705
44532,0.8298798
44534,0.8261505
44536,0.83008504
44538,0.5646008
44539,0.49407065
44541,0.35840923
44542,0.39485565
44544,0.47287884
44545,0.4348322
44548,0.49613237
44555,0.32064384
44557,0.75370014
44559,0.7538986
44560,0.7852712
44568,0.018377021
44570,0.64519656
44571,0.6591045
44576,0.67009807
44577,0.66366655
44581,0.6736666
44582,0.57591325
44585,0.6646303
44586,0.010470172
44589,0.6042984
44590,0.66382575
44591,0.63877296
44593,0.5242408
44601,0.41529918
44605,0.34994584
44607,0.30349767
44608,0.27085823
44609,0.28726977
44610,0.14211012
44617,0.53178245
44623,0.61119187
44625,0.18726285
44626,0.1798118
44630,0.09020958
44633,0.45194465
44638,0.5908091
44639,0.010148981
44640,0.028597845
44641,0.010278289
44642,0.37740675
44651,0.5921156
44652,0.4933673
44660,0.17585646
44663,0.45967746
44667,0.63714975
44668,0.6195002
44669,0.64183146
44675,0.54704386
44683,0.04550001
44686,0.6198692
44687,0.5495794
44688,0.47389656
44690,0.71844494
44692,0.6068333
44695,0.5201543
44705,0.21852684
44708,0.2010032
44711,0.757031
44725,0.03379132
44729,0.020586537
44734,0.5064848
44737,0.57053095
44739,0.044508033
44743,0.63041186
44749,0.6845493
44750,0.65273803
44757,0.27687028
44758,0.6130316
44760,0.6400166
44777,0.26246879
44779,0.22865996
44788,0.12238122
44790,0.2962213
44794,0.25785932
44796,0.12121055
44798,0.57289374
44804,0.5159624
44807,0.61173755
44814,0.2190979
44816,0.23176561
44822,0.45035222
44824,0.7241571
44826,0.19134745
44828,0.24263938
44829,0.3733268
44835,0.44704708
44836,0.5076742
44837,0.1643713
44838,0.18814322
44839,0.15807097
44843,0.019542601
44844,0.15974095
44850,0.16201143
44857,0.07596885
44858,0.44128022
44860,0.51456374
44861,0.4640399
44862,0.37963268
44863,0.44707993
44865,0.4851531
44869,0.0290049
44886,0.10451032
44889,0.18944599
44893,0.01048673
44894,0.34671032
44905,0.45565888
44909,0.44780618
44916,0.53784
44919,0.55045223
44921,0.6794675
44922,0.63220006
44925,0.56035644
44926,0.69390166
44930,0.4633151
44933,0.7679408
44936,0.5398656
44939,0.2920308
44946,0.24526943
44951,0.45188957
44956,0.66999495
44957,0.57903755
44961,0.6937211
44964,0.61816573
44966,0.45981634
44967,0.7853041
44975,0.34879515
44976,0.016314005
44977,0.29575357
44979,0.02275422
44984,0.046342343
44988,0.6306215
44989,0.5867501
44994,0.27213228
44996,0.6181323
44998,0.023997435
45000,0.05463141
45001,0.1953673
45002,0.65699714
45004,0.65699714
45006,0.59868157
45007,0.6888943
45014,0.60659915
45017,0.5596101
45020,0.6475208
45023,0.17724046
45024,0.77851963
45031,0.42156985
45033,0.6084316
45035,0.6722055
45043,0.27586251
45049,0.12318603
45053,0.32370213
45054,0.10173799
45058,0.014535717
45065,0.71233547
45075,0.32032672
45083,0.27308384
45085,0.5018404
45091,0.2864823
45092,0.25157303
45093,0.3638482
45094,0.22424968
45095,0.22532138
45097,0.22532138
45104,0.06044704
45110,0.55577546
45122,0.6696216
45123,0.68603975
45127,0.33478704
45128,0.2827187
45129,0.27976474
45130,0.6324318
45131,0.6470833
45135,0.25243783
45137,0.2019408
45138,0.14348443
45142,0.474376
45151,0.0045140977
45155,0.27206182
45157,0.2175417
45163,0.28766817
45167,0.1866944
45171,0.21774833
45177,0.47197437
45182,0.22906506
45183,0.31114644
45186,0.19951095
45188,0.2305709
45193,0.20210849
45194,0.36012378
45199,0.19081715
45207,0.01707945
45212,0.33396417
45220,0.014172853
45223,0.35610467
45224,0.21808146
45225,0.6345854
45228,0.23362923
45229,0.36378473
45238,0.3865683
45247,0.0064294334
45249,0.01510009
45252,0.34364095
45261,0.23951498
45262,0.030221036
45264,0.23191309
45273,0.43858021
45276,0.28407845
45281,0.2525255
45283,0.23180081
45286,0.65278363
45289,0.60537565
45291,0.4657937
45294,0.6909704
45295,0.6914598
45297,0.31587723
45299,0.35922217
45300,0.53795534
45302,0.05752049
45306,0.4188733
45308,0.32232353
45311,0.29554534
45312,0.37836275
45315,0.29703832
45317,0.2588422
45320,0.640949
45322,0.18144247
45323,0.38040304
45325,0.24912068
45327,0.62594974
45328,0.29206243
45333,0.36104226
45335,0.33302927
45336,0.33302927
45337,0.7238254
45342,0.23414364
45343,0.34045127
45349,0.25454175
45351,0.7338695
45355,0.28223106
45357,0.27736133
45359,0.7147174
45362,0.3866622
45363,0.08792524
45364,0.0036320086
45365,0.003790667
45366,0.41033754
45367,0.42696193
45370,0.005145239
45372,0.04771497
45375,0.10164619
45377,0.12392664
45383,0.6262636
45384,0.32307416
45395,0.33699155
45400,0.93966675
45401,0.3404717
45404,0.5976997
45414,0.038108446
45415,0.15366879
45419,0.15366879
45420,0.5181206
45421,0.31230754
45422,0.4930946
45431,0.546763
45432,0.6829602
45436,0.032882355
45438,0.74982446
45442,0.41120252
45445,0.5157539
45447,0.1882401
45448,0.6086881
45450,0.68205154
45452,0.02270604
45458,0.6897093
45466,0.40866104
45472,0.67483854
45484,0.44343987
45485,0.37801227
45486,0.02796835
45488,0.26793706
45492,0.041588996
45493,0.24849918
45494,0.7570763
45495,0.23369479
45496,0.01609058
45500,0.039826255
45504,0.41926962
45507,0.6085265
45509,0.47105533
45512,0.0022085337
45513,0.061580442
45516,0.3476338
45522,0.23146085
45528,0.17556562
45529,0.16417842
45530,0.2220609
45540,0.16985211
45542,0.11008686
45543,0.009771983
45545,0.2562448
45554,0.061438814
45556,0.57548827
45558,0.8166529
45559,0.5987033
45562,0.2919514
45564,0.3439238
45567,0.20033634
45569,0.23388225
45573,0.23388225
45577,0.32374096
45584,0.20671633
45587,0.25651368
45588,0.17680319
45589,0.20218366
45591,0.25916493
45592,0.6161512
45595,0.44876912
45597,0.6431432
45599,0.034270953
45604,0.5791344
45606,0.16162835
45607,0.1134691
45609,0.37686995
45611,0.3914641
45612,0.2645462
45613,0.34871247
45615,0.34113
45619,0.5724642
45622,0.7007064
45627,0.57419956
45633,0.004287235
45634,0.6914602
45635,0.50253725
45636,0.6649473
45637,0.6444575
45639,0.6649473
45642,0.6415415
45646,0.40303355
45648,0.59625417
45650,0.18079224
45652,0.27277288
45653,0.5626292
45656,0.21745896
45660,0.75339967
45662,0.5492872
45664,0.7289695
45671,0.49952224
45673,0.008092463
45674,0.6629339
45675,0.67439353
45681,0.5586942
45688,0.6169089
45692,0.5475159
45693,0.51043963
45699,0.63079363
45705,0.5432423
45717,0.66895676
45720,0.5439264
45725,0.21185814
45732,0.0620401
45739,0.7324881
45742,0.21571666
45744,0.25119144
45747,0.6055482
45754,0.63697433
45758,0.6819813
45762,0.2173698
45764,0.6155152
45768,0.15273856
45769,0.007443467
45772,0.39198333
45777,0.6381753
45778,0.47555825
45783,0.59773344
45784,0.58396864
45787,0.29316843
45788,0.2432701
45804,0.14927895
45810,0.4246852
45811,0.4607567
45818,0.014111729
45820,0.3525077
45826,0.5929863
45828,0.59102464
45831,0.61078405
45836,0.24769467
45842,0.49694985
45843,0.60212857
45844,0.039224934
45845,0.092855595
45846,0.34223935
45852,0.53678215
45855,0.043953
45857,0.5066401
45869,0.4124901
45873,0.41727525
45876,0.50944203
45878,0.016592197
45885,0.6783713
45888,0.5413795
45892,0.28595442
45893,0.3237856
45894,0.439365
45896,0.43375677
45897,0.6222641
45898,0.5228902
45905,0.5357566
45906,0.6163575
45916,0.44172144
45917,0.6147211
45918,0.2820162
45919,0.19885369
45922,0.66872644
45923,0.5294088
45927,0.005517238
45933,0.25248024
45937,0.15344365
45940,0.015242967
45943,0.43107405
45944,0.35810024
45945,0.28260663
45949,0.033137135
45956,0.4821099
45963,0.2752399
45967,0.34579945
45973,0.423758
45974,0.19282083
45976,0.23242772
45978,0.39783186
45981,0.25658825
45983,0.18825924
45986,0.44010565
45995,0.02623771
45997,0.011023485
46000,0.28575075
46002,0.27521184
46015,0.3207752
46021,0.29428247
46022,0.018418515
46032,0.5486321
46046,0.13656422
46050,0.12812242
46056,0.011026376
46061,0.62565607
46067,0.64074963
46068,0.64066327
46070,0.5007258
46073,0.6747944
46076,0.65606135
46080,0.32318914
46081,0.37985793
46084,0.39232478
46085,0.50159675
46086,0.08505239
46092,0.7090736
46093,0.58689386
46095,0.37374058
46097,0.045324437
46099,0.04843462
46100,0.6361505
46108,0.7151538
46110,0.7151538
46118,0.5117629
46119,0.3853936
46120,0.053635284
46122,0.7277983
46124,0.6076776
46133,0.63445675
46139,0.6863136
46141,0.030009989
46155,0.6322741
46157,0.69494605
46158,0.6343607
46163,0.41659632
46165,0.39232478
46167,0.65500057
46168,0.50030214
46170,0.66485435
46171,0.69210815
46172,0.5624329
46173,0.639763
46179,0.46468866
46181,0.71624327
46191,0.010560399
46192,0.3243706
46193,0.030973256
46203,0.6188049
46206,0.5904263
46208,0.007625629
46215,0.6535453
46217,0.5661996
46219,0.60151356
46223,0.6285973
46226,0.66274494
46227,0.6021174
46231,0.6071278
46234,0.6221195
46241,0.64470303
46242,0.72380394
46246,0.5839099
46258,0.29295647
46259,0.24726309
46260,0.0659882
46263,0.4837407
46264,0.6111941
46268,0.5853031
46269,0.013475951
46273,0.026070237
46276,0.39396358
46277,0.45174557
46283,0.7824524
46286,0.029077169
46300,0.72752684
46302,0.5697263
46303,0.0746865
46305,0.60570884
46318,0.56246245
46319,0.48841694
46326,0.66692424
46329,0.62084997
46331,0.5309377
46335,0.62046725
46338,0.18691553
46344,0.6847799
46351,0.70689845
46366,0.4118647
46368,0.6069467
46374,0.732062
46375,0.656123
46379,0.69489795
46384,0.5897471
46385,0.57294405
46390,0.6802217
46395,0.6740728
46396,0.6117797
46399,0.69064206
46400,0.008713934
46402,0.63753057
46406,0.49942333
46412,0.42678615
46416,0.23585883
46420,0.60788924
46429,0.6577855
46436,0.5049381
46437,0.49311742
46444,0.46123692
46445,0.6107698
46449,0.5592666
46453,0.005053825
46454,0.6583211
46455,0.65838593
46458,0.3712422
46463,0.46097788
46468,0.4347652
46473,0.52269346
46475,0.7522278
46478,0.6901553
46482,0.52534753
46488,0.09560592
46493,0.18010758
46497,0.0052240714
46499,0.050916173
46504,0.358578
46508,0.09553855
46514,0.14576517
46520,0.52177906
46521,0.49213463
46522,0.46794248
46526,0.52051926
46528,0.6529605
46533,0.51800483
46537,0.7070326
46545,0.69475824
46548,0.76223916
46551,0.54238844
46556,0.65940034
46558,0.6909948
46562,0.047444478
46565,0.52856034
46567,0.6290051
46570,0.27299523
46582,0.660948
46583,0.34074673
46586,0.8060583
46589,0.60564625
46590,0.71127343
46592,0.57367676
46596,0.6698384
46597,0.5853582
46599,0.59729046
46600,0.5888277
46608,0.6794134
46612,0.6883093
46616,0.60674715
46618,0.6364564
46620,0.5434485
46621,0.5621023
46623,0.61879474
46629,0.0082986085
46631,0.23938413
46633,0.61063987
46634,0.20675333
46635,0.3874711
46636,0.33549762
46638,0.46030876
46641,0.477635
46644,0.6478211
46646,0.3861619
46655,0.6167834
46662,0.42240337
46663,0.018085498
46665,0.76935905
46669,0.7355537
46680,0.47346643
46693,0.27145407
46699,0.007325785
46700,0.65969265
46701,0.57950896
46702,0.57636917
46706,0.67342615
46707,0.5721793
46708,0.5335115
46710,0.666728
46711,0.5755656
46712,0.5802233
46716,0.58805263
46719,0.70555234
46736,0.66626275
46743,0.1432802
46751,0.6793104
46755,0.80212706
46759,0.6908011
46763,0.804226
46767,0.034656826
46770,0.21173036
46773,0.7291871
46774,0.6038847
46777,0.497543
46779,0.18876828
46783,0.30288425
46784,0.6113644
46785,0.08194744
46789,0.5687746
46790,0.43626437
46797,0.0013215791
46798,0.4651716
46803,0.67605764
46810,0.52593297
46812,0.5642413
46814,0.4236925
46826,0.3624775
46829,0.6394311
46830,0.6394311
46843,0.5651806
46844,0.6873646
46847,0.7446205
46849,0.44654498
46850,0.16955148
46854,0.6804061
46859,0.1929955
46860,0.7325033
46862,0.71278983
46868,0.62623173
46884,0.74658614
46888,0.63550323
46889,0.49515995
46891,0.7505541
46893,0.6846719
46898,0.6288461
46899,0.67605764
46902,0.6519193
46904,0.6822621
46907,0.27200365
46915,0.71867156
46918,0.0016903019
46921,0.29393423
46922,0.43463427
46923,0.70967114
46924,0.2803153
46926,0.59338146
46929,0.6580273
46930,0.73350036
46933,0.6798609
46934,0.73350036
46939,0.7128591
46941,0.7584963
46942,0.63670534
46947,0.4564326
46950,0.4303132
46951,0.6840284
46952,0.33197996
46954,0.57112396
46958,0.33197996
46960,0.43934247
46971,0.4590382
46979,0.34902328
46980,0.54414934
46982,0.37213153
46987,0.51243025
47003,0.71867156
47004,0.27617937
47007,0.015726604
47008,0.4507579
47014,0.49326834
47022,0.31188983
47023,0.012872367
47032,0.03451506
47035,0.5528817
47036,0.21859609
47039,0.39214206
47040,0.2072134
47042,0.41856757
47047,0.017331
47052,0.67695826
47057,0.2313715
47060,0.695602
47065,0.3113182
47070,0.5293439
47076,0.67841804
47080,0.73543775
47082,0.69744784
47090,0.5993871
47091,0.27252394
47095,0.42878178
47096,0.37885344
47098,0.399176
47100,0.40880707
47102,0.27893096
47104,0.006792383
47106,0.15610988
47111,0.30907917
47112,0.008036232
47113,0.425335
47114,0.3188635
47124,0.08631522
47127,0.46674874
47129,0.36237893
47130,0.615385
47132,0.58256024
47134,0.75026673
47137,0.63283384
47139,0.6242681
47141,0.5824839
47144,0.20268413
47145,0.010194051
47146,0.21456751
47149,0.010612277
47151,0.6160805
47158,0.50766385
47160,0.16840334
47161,0.71059155
47162,0.29637828
47163,0.74124676
47164,0.63787246
47172,0.05001965
47174,0.6221912
47175,0.6959166
47179,0.8254466
47180,0.52864033
47182,0.6665017
47183,0.26157263
47186,0.7993848
47188,0.7822105
47191,0.45692268
47192,0.6903573
47193,0.2741637
47195,0.4432453
47197,0.2807189
47202,0.64638406
47217,0.6421408
47231,0.7925192
47232,0.76769894
47236,0.64638144
47240,0.71315765
47241,0.7689937
47242,0.5583991
47243,0.6356288
47246,0.6506823
47247,0.2317357
47248,0.29469287
47250,0.37109163
47253,0.7775742
47256,0.69326663
47265,0.64074403
47266,0.74435127
47267,0.559517
47268,0.18425655
47277,0.09193132
47287,0.30691275
47288,0.6715034
47289,0.46487045
47290,0.69464695
47302,0.7653463
47303,0.23090883
47305,0.7429207
47307,0.6511674
47311,0.2997679
47318,0.08472412
47320,0.78295106
47325,0.7169877
47328,0.6649547
47332,0.27402943
47339,0.32024378
47347,0.66193944
47348,0.72142166
47349,0.44610983
47356,0.6924836
47361,0.089089856
47363,0.6798248
47366,0.72740704
47371,0.31090406
47378,0.112188235
47386,0.25846818
47388,0.49320257
47390,0.3420113
47396,0.3154468
47399,0.69365364
47403,0.638417
47404,0.7632999
47405,0.7429865
47408,0.31048834
47414,0.7061799
47415,0.63487595
47416,0.54828835
47418,0.7047764
47419,0.8296982
47423,0.6076344
47430,0.2993743
47432,0.59715086
47434,0.7457839
47438,0.5735684
47439,0.26245436
47441,0.84932584
47444,0.2590326
47446,0.28613117
47454,0.6521678
47459,0.72147447
47460,0.76903856
47467,0.31831414
47470,0.322865
47473,0.6613172
47478,0.16090555
47483,0.112188235
47487,0.65803415
47498,0.28913352
47499,0.43065664
47502,0.45419583
47508,0.619006
47509,0.6969372
47510,0.70814455
47515,0.710082
47516,0.6975633
47517,0.5764845
47522,0.5347086
47523,0.63023233
47524,0.5991583
47530,0.83151126
47535,0.6834941
47536,0.5120046
47539,0.5512278
47540,0.58387095
47541,0.63659465
47545,0.6634055
47549,0.752231
47556,0.39560568
47558,0.3311287
47560,0.80802995
47561,0.66439444
47563,0.48222053
47567,0.74118125
47571,0.322185
47578,0.051109947
47579,0.6032292
47582,0.53130156
47583,0.75023687
47585,0.75023687
47596,0.7143566
47600,0.5909289
47605,0.63846916
47606,0.6636347
47614,0.6415806
47617,0.79385906
47619,0.72148216
47627,0.6729263
47631,0.42844975
47633,0.41673228
47637,0.8020617
47639,0.5990931
47641,0.0097273365
47647,0.4427895
47648,0.59400636
47650,0.64253247
47657,0.6904919
47662,0.60791737
47665,0.013253517
47668,0.506332
47676,0.64669216
47682,0.31229347
47689,0.68007225
47690,0.45380783
47703,0.40564567
47704,0.6294633
47709,0.017579148
47712,0.6402495
47713,0.6402495
47715,0.616922
47718,0.23079455
47722,0.60442847
47726,0.44911963
47728,0.5629018
47729,0.74314773
47731,0.74738866
47733,0.81183064
47738,0.58647335
47744,0.23876943
47745,0.42695737
47747,0.040382497
47753,0.59722227
47758,0.6032873
47759,0.5954915
47766,0.74059486
47768,0.48302755
47773,0.6836028
47775,0.41145322
47777,0.656645
47779,0.57427084
47782,0.5975536
47783,0.7387313
47788,0.28143752
47792,0.6963444
47794,0.005002973
47797,0.8202813
47798,0.7308879
47805,0.690481
47807,0.008523476
47809,0.6314512
47824,0.41234073
47827,0.63074166
47841,0.4449259
47845,0.40036494
47846,0.3130849
47848,0.6250539
47851,0.7144628
47860,0.74911004
47861,0.49216276
47862,0.491731
47864,0.2854793
47868,0.009312894
47869,0.3424056
47870,0.29814035
47874,0.6835984
47875,0.47163364
47879,0.23937495
47881,0.18179964
47883,0.08057429
47884,0.67503655
47891,0.32097518
47895,0.656817
47896,0.77612907
47898,0.40874276
47899,0.66664386
47903,0.5677006
47904,0.38601863
47906,0.6682095
47908,0.53844506
47909,0.584725
47920,0.4801282
47931,0.37928107
47936,0.61043966
47940,0.44828004
47944,0.31457576
47949,0.723667
47950,0.5771285
47960,0.051067866
47962,0.08349346
47963,0.70862734
47970,0.6875318
47971,0.72257745
47975,0.035544485
47976,0.5842584
47977,0.59222543
47978,0.2954917
47990,0.30670404
47995,0.6398103
47997,0.61206114
48000,0.56915104
48001,0.65474504
48007,0.08766504
48011,0.589614
48015,0.110909864
48016,0.061986543
48017,0.006036623
48018,0.09439727
48019,0.09439727
48027,0.28669468
48030,0.022936245
48034,0.029448837
48035,0.056464408
48039,0.005262744
48055,0.23830712
48059,0.3633512
48064,0.38756818
48065,0.41978788
48071,0.18779752
48075,0.12948851
48076,0.004531892
48077,0.0020914318
48081,0.43795407
48084,0.43691412
48091,0.11895873
48096,0.22263098
48097,0.34723112
48099,0.31443802
48104,0.5710227
48122,0.24705395
48129,0.011457596
48138,0.2508243
48141,0.08297323
48142,0.2650915
48148,0.23031104
48149,0.5528986
48151,0.21413383
48155,0.05251058
48159,0.47993967
48164,0.36981484
48172,0.00848916
48173,0.1625442
48174,0.23382775
48177,0.32231256
48179,0.34358513
48194,0.2918766
48197,0.28083402
48199,0.6481379
48208,0.69548744
48210,0.2343718
48212,0.2735291
48214,0.5776815
48215,0.35044384
48216,0.6739534
48218,0.2165057
48220,0.57523113
48222,0.36911774
48226,0.36735353
48228,0.2855826
48234,0.0089837015
48235,0.7301882
48245,0.37557423
48246,0.8195529
48266,0.0032033222
48271,0.6881093
48276,0.007823992
48277,0.5077717
48281,0.08224331
48282,0.10142923
48284,0.22745693
48293,0.037968624
48297,0.5349088
48300,0.6431645
48303,0.47368816
48306,0.22790205
48308,0.0033361206
48315,0.1159872
48318,0.01585201
48321,0.014827023
48323,0.103671394
48324,0.0059826914
48328,0.049487304
48332,0.055122916
48334,0.030305916
48338,0.29135945
48343,0.33852082
48344,0.03385591
48346,0.035645813
48354,0.30494505
48356,0.30647725
48361,0.37911686
48368,0.24172054
48376,0.29438987
48379,0.65413207
48381,0.60561264
48384,0.673029
48389,0.69354075
48390,0.4159349
48391,0.008704997
48394,0.63582695
48396,0.6637198
48397,0.7103122
48412,0.0073791523
48413,0.05503531
48415,0.06983559
